name,ticker_symbol,sector,city,state,date,open,high,low,close,volume,closing_price
Apache Corporation,APA,Energy,Houston,Texas,2011-10-28,102,105.23,101.23,104.99,3073600,104.99
Apache Corporation,APA,Energy,Houston,Texas,2011-10-27,100.65,104.06,100.25,102.84,4051800,102.84
Apache Corporation,APA,Energy,Houston,Texas,2011-09-01,103.66,104.72,101.53,101.77,2573400,101.6
Apache Corporation,APA,Energy,Houston,Texas,2011-08-31,103.61,104.92,101.92,103.07,4225900,102.9
Apache Corporation,APA,Energy,Houston,Texas,2011-08-30,102.74,103.47,101.06,102.69,2949600,102.52
Apache Corporation,APA,Energy,Houston,Texas,2011-08-29,101.78,103.32,101.38,103.24,2072400,103.07
Apache Corporation,APA,Energy,Houston,Texas,2011-08-26,97.85,100.87,96.01,100.29,2984300,100.12
Apache Corporation,APA,Energy,Houston,Texas,2011-08-24,99.95,100.73,98.01,100.46,2674400,100.29
Apache Corporation,APA,Energy,Houston,Texas,2011-08-23,96.18,100.29,95.5,100.26,3246100,100.09
Apache Corporation,APA,Energy,Houston,Texas,2011-08-17,105.24,107.31,104.45,104.89,2359300,104.72
Apache Corporation,APA,Energy,Houston,Texas,2011-08-16,105.04,105.78,103.08,104.34,3740900,104.17
Apache Corporation,APA,Energy,Houston,Texas,2011-08-15,104.4,106.26,103.98,105.42,2786600,105.25
Apache Corporation,APA,Energy,Houston,Texas,2011-08-12,104.96,105.38,102.25,103.18,2643500,103.01
Apache Corporation,APA,Energy,Houston,Texas,2011-08-11,99.9,104.77,98.55,103.12,4673700,102.95
Apache Corporation,APA,Energy,Houston,Texas,2011-08-09,100.32,102.83,94.47,102.13,6742100,101.96
Apache Corporation,APA,Energy,Houston,Texas,2011-08-05,110.61,112,101.75,106.7,4859500,106.52
Apache Corporation,APA,Energy,Houston,Texas,2011-08-04,117.1,118.84,108.88,109.18,5390000,109
Apache Corporation,APA,Energy,Houston,Texas,2011-08-03,120.21,120.42,114.95,118.45,4498200,118.25
Apache Corporation,APA,Energy,Houston,Texas,2011-08-02,122.61,124.05,119.96,120.02,2992500,119.82
Apache Corporation,APA,Energy,Houston,Texas,2011-08-01,125.7,125.95,122.63,124.06,2525300,123.85
AvalonBay Communities, Inc.,AVB,Financials,Arlington,Virginia[1],2011-10-21,121.72,124.5,121.24,124.45,864000,124.45
AvalonBay Communities, Inc.,AVB,Financials,Arlington,Virginia[1],2011-10-20,121.17,121.69,118.34,120.49,912300,120.49
AvalonBay Communities, Inc.,AVB,Financials,Arlington,Virginia[1],2011-10-19,120.2,122.4,120.04,120.83,974900,120.83
AvalonBay Communities, Inc.,AVB,Financials,Arlington,Virginia[1],2011-10-18,117.46,121.05,116.86,120.73,1219600,120.73
AvalonBay Communities, Inc.,AVB,Financials,Arlington,Virginia[1],2011-10-17,120.31,120.66,116.91,117.22,992200,117.22
AvalonBay Communities, Inc.,AVB,Financials,Arlington,Virginia[1],2011-10-14,120.83,122.23,119.94,121.83,663100,121.83
AvalonBay Communities, Inc.,AVB,Financials,Arlington,Virginia[1],2011-10-13,119.43,120.25,117.33,119.13,678100,119.13
AvalonBay Communities, Inc.,AVB,Financials,Arlington,Virginia[1],2011-10-12,119.32,121.98,118.22,120.11,940800,120.11
AvalonBay Communities, Inc.,AVB,Financials,Arlington,Virginia[1],2011-10-11,122.07,122.07,117.78,118.5,766600,118.5
AvalonBay Communities, Inc.,AVB,Financials,Arlington,Virginia[1],2011-10-10,117.95,121.22,117.72,121.1,1159900,121.1
AvalonBay Communities, Inc.,AVB,Financials,Arlington,Virginia[1],2011-10-07,120.08,120.55,115.74,115.97,1118000,115.97
AvalonBay Communities, Inc.,AVB,Financials,Arlington,Virginia[1],2011-10-06,114.88,118.95,114.19,118.86,1046600,118.86
AvalonBay Communities, Inc.,AVB,Financials,Arlington,Virginia[1],2011-10-05,116.67,116.8,110,115.55,1174300,115.55
AvalonBay Communities, Inc.,AVB,Financials,Arlington,Virginia[1],2011-10-04,109.4,117.41,107.54,116.99,1300000,116.99
AvalonBay Communities, Inc.,AVB,Financials,Arlington,Virginia[1],2011-10-03,114.3,116.69,110.74,110.78,1384800,110.78
AvalonBay Communities, Inc.,AVB,Financials,Arlington,Virginia[1],2011-09-30,116.84,118.44,114.01,114.05,1034600,114.05
AvalonBay Communities, Inc.,AVB,Financials,Arlington,Virginia[1],2011-09-29,119.3,119.32,116.61,118.4,793300,118.4
AvalonBay Communities, Inc.,AVB,Financials,Arlington,Virginia[1],2011-09-28,118.89,120.48,116.71,117.06,1311400,117.06
AvalonBay Communities, Inc.,AVB,Financials,Arlington,Virginia[1],2011-09-27,120.65,121.52,119.54,120.25,1616200,119.36
AvalonBay Communities, Inc.,AVB,Financials,Arlington,Virginia[1],2011-09-26,118.4,118.76,116.29,118.53,1080300,117.65
AvalonBay Communities, Inc.,AVB,Financials,Arlington,Virginia[1],2011-09-23,114.51,117.55,114.27,117.35,1278300,116.48
AvalonBay Communities, Inc.,AVB,Financials,Arlington,Virginia[1],2011-09-22,115.67,117.62,113.25,115.28,2295900,114.42
AvalonBay Communities, Inc.,AVB,Financials,Arlington,Virginia[1],2011-09-21,125.31,126.76,118.53,118.75,2283800,117.87
AvalonBay Communities, Inc.,AVB,Financials,Arlington,Virginia[1],2011-08-19,127.82,128.73,124.95,125.5,1934600,124.57
AvalonBay Communities, Inc.,AVB,Financials,Arlington,Virginia[1],2011-08-10,122.63,131.68,122.59,125.67,3243400,124.74
AvalonBay Communities, Inc.,AVB,Financials,Arlington,Virginia[1],2011-08-09,118.27,125.71,117.4,125.57,3101200,124.64
AvalonBay Communities, Inc.,AVB,Financials,Arlington,Virginia[1],2011-08-08,119.32,121.01,115.91,116.35,2997700,115.49
AvalonBay Communities, Inc.,AVB,Financials,Arlington,Virginia[1],2011-08-05,125.14,125.14,120.5,121.46,1518200,120.56
AvalonBay Communities, Inc.,AVB,Financials,Arlington,Virginia[1],2011-08-04,126.8,127.86,123.58,123.65,1590900,122.73
Franklin Resources,BEN,Financials,San Mateo,California,2011-10-28,108.6,112.38,107.88,110.92,2749800,110.92
Franklin Resources,BEN,Financials,San Mateo,California,2011-10-27,106.18,110.68,105.29,108.24,4110600,108.24
Franklin Resources,BEN,Financials,San Mateo,California,2011-10-26,104.1,104.1,99.13,100.85,1997400,100.85
Franklin Resources,BEN,Financials,San Mateo,California,2011-10-25,104.36,104.36,100.82,101.04,1699100,101.04
Franklin Resources,BEN,Financials,San Mateo,California,2011-10-24,103.8,106.72,103.37,106.27,1320500,106.27
Franklin Resources,BEN,Financials,San Mateo,California,2011-10-21,101.37,103.59,100.75,103.53,1088300,103.53
Franklin Resources,BEN,Financials,San Mateo,California,2011-10-20,99.24,100.67,98.3,100.03,1540700,100.03
Franklin Resources,BEN,Financials,San Mateo,California,2011-10-19,101.69,102.29,99.7,100.29,1394000,100.29
Franklin Resources,BEN,Financials,San Mateo,California,2011-10-18,98.28,103.34,97.05,102.17,1508300,102.17
Franklin Resources,BEN,Financials,San Mateo,California,2011-10-14,99.53,102.15,99.11,101.12,1806900,101.12
Franklin Resources,BEN,Financials,San Mateo,California,2011-09-29,100.24,101.18,98.12,100.51,1542000,100.51
Franklin Resources,BEN,Financials,San Mateo,California,2011-09-27,104.78,105.28,101,101.74,1979400,101.49
Franklin Resources,BEN,Financials,San Mateo,California,2011-09-26,99.78,101.73,97.41,101.6,2080000,101.35
Franklin Resources,BEN,Financials,San Mateo,California,2011-09-21,115.08,115.99,110.64,110.67,1277500,110.4
Franklin Resources,BEN,Financials,San Mateo,California,2011-09-20,116.28,118.17,115.17,115.3,1327300,115.02
Franklin Resources,BEN,Financials,San Mateo,California,2011-09-19,117,117,114.02,115.66,1384400,115.38
Franklin Resources,BEN,Financials,San Mateo,California,2011-09-16,120.04,120.88,116.94,119.33,1412300,119.04
Franklin Resources,BEN,Financials,San Mateo,California,2011-09-15,117.24,120.25,116.03,120.07,1487100,119.77
Franklin Resources,BEN,Financials,San Mateo,California,2011-09-14,114.4,117.14,111.92,115.49,1638700,115.21
Franklin Resources,BEN,Financials,San Mateo,California,2011-09-13,112,114.38,109.21,113.77,1581700,113.49
Franklin Resources,BEN,Financials,San Mateo,California,2011-09-12,110.2,113.14,109.32,113.12,1083600,112.84
Franklin Resources,BEN,Financials,San Mateo,California,2011-09-09,113.17,113.61,111,111.69,1436900,111.42
Franklin Resources,BEN,Financials,San Mateo,California,2011-09-08,114.74,115.84,113.34,114.31,1157400,114.03
Franklin Resources,BEN,Financials,San Mateo,California,2011-09-07,113.7,115.83,112.52,115.74,1384600,115.46
Franklin Resources,BEN,Financials,San Mateo,California,2011-09-06,109.82,112.22,108.94,112.05,997700,111.77
Franklin Resources,BEN,Financials,San Mateo,California,2011-09-02,116.4,117.62,113.06,113.71,1244600,113.43
Franklin Resources,BEN,Financials,San Mateo,California,2011-09-01,119.77,120.34,117.86,118.12,976600,117.83
Franklin Resources,BEN,Financials,San Mateo,California,2011-08-31,119.85,121.35,118.71,119.92,791500,119.63
Franklin Resources,BEN,Financials,San Mateo,California,2011-08-30,118.58,120.51,117.51,118.53,1317800,118.24
Franklin Resources,BEN,Financials,San Mateo,California,2011-08-29,117.5,119.46,117.38,119.27,967800,118.98
Franklin Resources,BEN,Financials,San Mateo,California,2011-08-26,113.97,116.75,111.41,115.84,1180100,115.56
Franklin Resources,BEN,Financials,San Mateo,California,2011-08-25,117.88,120,114.1,115.16,1514000,114.88
Franklin Resources,BEN,Financials,San Mateo,California,2011-08-24,114.24,117.32,113.08,116.82,1531100,116.53
Franklin Resources,BEN,Financials,San Mateo,California,2011-08-23,112.72,115.05,110.62,115.05,2024500,114.77
Franklin Resources,BEN,Financials,San Mateo,California,2011-08-22,114.22,114.83,111.11,112.4,1695100,112.12
Franklin Resources,BEN,Financials,San Mateo,California,2011-08-19,109.24,113.46,108.37,110.63,2541600,110.36
Franklin Resources,BEN,Financials,San Mateo,California,2011-08-18,111.46,111.55,108.36,109.72,2825700,109.45
Franklin Resources,BEN,Financials,San Mateo,California,2011-08-17,114.75,115.95,114.39,115.75,1324300,115.47
Franklin Resources,BEN,Financials,San Mateo,California,2011-08-16,113.55,116.27,113.4,114.74,1340700,114.46
Franklin Resources,BEN,Financials,San Mateo,California,2011-08-15,116.8,117,114.45,115.92,1434400,115.64
Franklin Resources,BEN,Financials,San Mateo,California,2011-08-12,117.2,118.31,114.64,115.68,1073600,115.4
Franklin Resources,BEN,Financials,San Mateo,California,2011-08-11,110.76,117.2,109.01,115.66,1574400,115.38
Franklin Resources,BEN,Financials,San Mateo,California,2011-08-10,111.42,113.1,108.36,109.44,2690000,109.17
Franklin Resources,BEN,Financials,San Mateo,California,2011-08-09,109.53,115.4,106.58,115.32,2449600,115.04
Franklin Resources,BEN,Financials,San Mateo,California,2011-08-08,112.78,115.55,106.2,106.63,2816000,106.37
Franklin Resources,BEN,Financials,San Mateo,California,2011-08-05,119.81,120.38,113.06,117.66,2189000,117.37
Franklin Resources,BEN,Financials,San Mateo,California,2011-08-04,122.78,123.39,117.28,117.56,1363100,117.27
Franklin Resources,BEN,Financials,San Mateo,California,2011-08-03,122.65,125.21,121,124.9,1041900,124.59
Franklin Resources,BEN,Financials,San Mateo,California,2011-08-02,125.51,127.82,122.14,122.33,1590500,122.03
BIOGEN IDEC Inc.,BIIB,Health Care,Weston,Massachusetts,2011-10-28,117.74,120.66,116.55,118.72,2143300,118.72
BIOGEN IDEC Inc.,BIIB,Health Care,Weston,Massachusetts,2011-10-27,118.5,118.7,114.87,117.74,3483400,117.74
BIOGEN IDEC Inc.,BIIB,Health Care,Weston,Massachusetts,2011-10-26,115.93,119.75,114.28,116.92,5169800,116.92
BIOGEN IDEC Inc.,BIIB,Health Care,Weston,Massachusetts,2011-10-25,109.46,109.85,106.6,106.87,2103700,106.87
BIOGEN IDEC Inc.,BIIB,Health Care,Weston,Massachusetts,2011-10-24,108.63,109.96,106.93,109.52,2287800,109.52
BIOGEN IDEC Inc.,BIIB,Health Care,Weston,Massachusetts,2011-10-21,104.71,108.96,103.74,108.84,4402500,108.84
BIOGEN IDEC Inc.,BIIB,Health Care,Weston,Massachusetts,2011-10-20,102.76,104.25,99.08,101.67,1608300,101.67
BIOGEN IDEC Inc.,BIIB,Health Care,Weston,Massachusetts,2011-10-19,103.08,103.96,101.37,102.08,1646300,102.08
BIOGEN IDEC Inc.,BIIB,Health Care,Weston,Massachusetts,2011-10-18,101.66,103.08,100.53,102.64,1345400,102.64
BIOGEN IDEC Inc.,BIIB,Health Care,Weston,Massachusetts,2011-10-17,102.48,103.07,101.12,101.43,1230600,101.43
BIOGEN IDEC Inc.,BIIB,Health Care,Weston,Massachusetts,2011-10-14,102.05,103.1,99.71,103.08,2081400,103.08
BIOGEN IDEC Inc.,BIIB,Health Care,Weston,Massachusetts,2011-10-13,98.46,102.31,98.11,101.32,2194800,101.32
BIOGEN IDEC Inc.,BIIB,Health Care,Weston,Massachusetts,2011-10-10,101.03,101.2,99.95,100.68,1576700,100.68
BIOGEN IDEC Inc.,BIIB,Health Care,Weston,Massachusetts,2011-10-07,99.92,100.77,98.24,100.01,2051000,100.01
BIOGEN IDEC Inc.,BIIB,Health Care,Weston,Massachusetts,2011-09-20,100.05,101.76,99.39,100.26,1462900,100.26
BIOGEN IDEC Inc.,BIIB,Health Care,Weston,Massachusetts,2011-09-16,100,102.01,99.57,100.89,3524400,100.89
BIOGEN IDEC Inc.,BIIB,Health Care,Weston,Massachusetts,2011-08-01,105.91,105.98,101.88,102.9,2898800,102.9
Boston Properties,BXP,Financials,Boston,Massachusetts,2011-09-16,102.84,103.92,101.52,102.5,1753700,101.95
Boston Properties,BXP,Financials,Boston,Massachusetts,2011-09-15,101.41,102.78,100.42,102.76,1283400,102.21
Boston Properties,BXP,Financials,Boston,Massachusetts,2011-09-14,100.53,101.21,98.27,100.56,1602000,100.02
Boston Properties,BXP,Financials,Boston,Massachusetts,2011-09-08,103.84,104.72,103.13,103.55,1213200,102.99
Boston Properties,BXP,Financials,Boston,Massachusetts,2011-09-07,102.59,104.36,101.01,104.1,2091400,103.54
Boston Properties,BXP,Financials,Boston,Massachusetts,2011-09-06,98.37,102.69,98.35,101.77,1386600,101.22
Boston Properties,BXP,Financials,Boston,Massachusetts,2011-09-02,99.91,102.45,99.91,101.25,1035800,100.71
Boston Properties,BXP,Financials,Boston,Massachusetts,2011-09-01,104.32,104.51,102.06,102.44,963900,101.89
Boston Properties,BXP,Financials,Boston,Massachusetts,2011-08-31,103.9,104.58,102.67,104.29,1577100,103.73
Boston Properties,BXP,Financials,Boston,Massachusetts,2011-08-30,103.71,104.22,101.22,103.47,1062000,102.91
Boston Properties,BXP,Financials,Boston,Massachusetts,2011-08-29,101.85,103.73,101.12,103.64,1208800,103.08
Boston Properties,BXP,Financials,Boston,Massachusetts,2011-08-26,98.35,100.69,96.43,100.6,1068800,100.06
Boston Properties,BXP,Financials,Boston,Massachusetts,2011-08-24,100.38,101.79,98.94,101.12,1723800,100.58
Boston Properties,BXP,Financials,Boston,Massachusetts,2011-08-17,102.96,104.67,102.62,104.09,1408800,103.53
Boston Properties,BXP,Financials,Boston,Massachusetts,2011-08-16,101.64,103.75,100.73,103.02,1406800,102.47
Boston Properties,BXP,Financials,Boston,Massachusetts,2011-08-15,100.76,103.5,100.63,103.26,1587400,102.71
Boston Properties,BXP,Financials,Boston,Massachusetts,2011-08-03,103.28,103.43,100.25,103.12,1583600,102.57
Boston Properties,BXP,Financials,Boston,Massachusetts,2011-08-02,105.2,106.81,103.45,103.48,1787000,102.92
Boston Properties,BXP,Financials,Boston,Massachusetts,2011-08-01,108.77,108.98,105.17,105.96,1180800,105.39
Caterpillar Inc.,CAT,Industrials,Peoria,Illinois,2011-08-01,102.43,102.82,98.8,100.72,12865200,100.17
CF Industries Holdings Inc,CF,Materials,Deerfield,Illinois,2011-10-04,118.74,124.44,115.34,124.1,4351900,124.1
CF Industries Holdings Inc,CF,Materials,Deerfield,Illinois,2011-10-03,121.01,129.11,119.5,120.98,3844500,120.98
CF Industries Holdings Inc,CF,Materials,Deerfield,Illinois,2011-09-30,132.51,134,123.09,123.39,5107400,123.39
Cummins Inc.,CMI,Industrials,Columbus,Indiana,2011-10-28,100.97,103.54,100.54,102.75,2454900,102.75
Cummins Inc.,CMI,Industrials,Columbus,Indiana,2011-10-27,98.72,102.9,98.43,101.71,5707400,101.71
Cummins Inc.,CMI,Industrials,Columbus,Indiana,2011-08-03,99.74,101.8,95.74,101.54,5260800,101.1
Cummins Inc.,CMI,Industrials,Columbus,Indiana,2011-08-01,108.6,108.75,102.5,103.79,4662800,103.34
Salesforce.com,CRM,Information Technology,San Francisco,California,2011-10-26,129.84,130.12,120.24,123.56,5458600,123.56
Salesforce.com,CRM,Information Technology,San Francisco,California,2011-10-07,122.51,123.39,119.97,120.96,2156800,120.96
Salesforce.com,CRM,Information Technology,San Francisco,California,2011-10-06,117.67,122.69,115.8,122,3255100,122
Salesforce.com,CRM,Information Technology,San Francisco,California,2011-10-05,114.94,118,113,117.25,3245200,117.25
Salesforce.com,CRM,Information Technology,San Francisco,California,2011-10-04,109.82,117.96,109.28,117.6,3296800,117.6
Salesforce.com,CRM,Information Technology,San Francisco,California,2011-10-03,112.98,115.5,111.5,111.91,2672600,111.91
Salesforce.com,CRM,Information Technology,San Francisco,California,2011-09-30,115.97,118.33,113.06,114.28,3072600,114.28
Salesforce.com,CRM,Information Technology,San Francisco,California,2011-09-29,123.88,124.5,116.03,119.55,2437100,119.55
Salesforce.com,CRM,Information Technology,San Francisco,California,2011-09-28,124.72,125.84,120.38,120.81,2295100,120.81
Salesforce.com,CRM,Information Technology,San Francisco,California,2011-09-27,124.62,127.26,124.01,124.75,2825600,124.75
Salesforce.com,CRM,Information Technology,San Francisco,California,2011-09-26,120.53,121.54,114.5,121.18,3359400,121.18
Salesforce.com,CRM,Information Technology,San Francisco,California,2011-09-23,117.47,120.83,117.16,120.3,2534000,120.3
Salesforce.com,CRM,Information Technology,San Francisco,California,2011-09-22,120.52,120.52,114.78,117.34,4813800,117.34
Salesforce.com,CRM,Information Technology,San Francisco,California,2011-09-12,121.29,123.99,119.73,123.74,2334200,123.74
Salesforce.com,CRM,Information Technology,San Francisco,California,2011-09-09,123.35,125.33,122.11,123.23,3136200,123.23
Salesforce.com,CRM,Information Technology,San Francisco,California,2011-09-08,124.48,127.34,123.89,124.89,2190800,124.89
Salesforce.com,CRM,Information Technology,San Francisco,California,2011-09-06,119.55,122,116.72,120.93,3605400,120.93
Salesforce.com,CRM,Information Technology,San Francisco,California,2011-09-02,124.01,125.51,121.6,123.61,2888800,123.61
Salesforce.com,CRM,Information Technology,San Francisco,California,2011-08-30,125.26,125.3,120.35,123.46,3641700,123.46
Salesforce.com,CRM,Information Technology,San Francisco,California,2011-08-26,111.48,118.02,111.06,117.5,3344100,117.5
Salesforce.com,CRM,Information Technology,San Francisco,California,2011-08-25,115.64,117.36,111.62,112.47,3192800,112.47
Salesforce.com,CRM,Information Technology,San Francisco,California,2011-08-24,117.52,118.5,114.51,116.42,3801700,116.42
Salesforce.com,CRM,Information Technology,San Francisco,California,2011-08-23,112.45,118.69,111.13,118.66,3615900,118.66
Salesforce.com,CRM,Information Technology,San Francisco,California,2011-08-22,114.26,116.21,109.22,110.86,5012000,110.86
Salesforce.com,CRM,Information Technology,San Francisco,California,2011-08-19,117.72,123.85,110.74,111,9623800,111
Salesforce.com,CRM,Information Technology,San Francisco,California,2011-08-18,122.86,123.15,112.62,114.06,7638500,114.06
Salesforce.com,CRM,Information Technology,San Francisco,California,2011-08-08,132.29,133.92,123.79,124.93,3330900,124.93
Chevron Corp.,CVX,Energy,San Ramon,California,2011-10-28,108.85,109.99,107.26,109.64,10341300,109.64
Chevron Corp.,CVX,Energy,San Ramon,California,2011-10-27,107.84,110.01,107.62,108.97,14277800,108.97
Chevron Corp.,CVX,Energy,San Ramon,California,2011-10-26,106.08,106.84,104.46,106.77,9959400,106.77
Chevron Corp.,CVX,Energy,San Ramon,California,2011-10-25,106.62,106.91,104.33,104.5,8452200,104.5
Chevron Corp.,CVX,Energy,San Ramon,California,2011-10-24,105.5,106.87,105.27,106.27,7911500,106.27
Chevron Corp.,CVX,Energy,San Ramon,California,2011-10-21,104.5,105.84,104.21,105.53,10884100,105.53
Chevron Corp.,CVX,Energy,San Ramon,California,2011-10-20,102.68,103.66,101.72,103.39,8710100,103.39
Chevron Corp.,CVX,Energy,San Ramon,California,2011-10-19,102.69,104.08,101.71,102.24,8651800,102.24
Chevron Corp.,CVX,Energy,San Ramon,California,2011-10-18,99.03,104.15,97.97,102.95,12165700,102.95
Chevron Corp.,CVX,Energy,San Ramon,California,2011-10-14,98.97,100.56,98.85,100.47,7365100,100.47
Chevron Corp.,CVX,Energy,San Ramon,California,2011-08-03,103.53,103.74,100.87,102.76,12027400,101.94
Chevron Corp.,CVX,Energy,San Ramon,California,2011-08-02,104.72,105.7,103.43,103.45,10396300,102.63
Chevron Corp.,CVX,Energy,San Ramon,California,2011-08-01,106.08,106.13,103.92,105.38,9309400,104.54
Estee Lauder Cos.,EL,Consumer Staples,New York,New York,2011-10-28,101.96,102.8,100.66,101.41,953900,101.41
Estee Lauder Cos.,EL,Consumer Staples,New York,New York,2011-10-27,99.78,102.86,99.47,102.14,1345600,102.14
Estee Lauder Cos.,EL,Consumer Staples,New York,New York,2011-09-20,101.67,106.42,101.67,102.88,2079300,102.88
Estee Lauder Cos.,EL,Consumer Staples,New York,New York,2011-09-19,99.98,101.8,99.85,101.22,1500200,101.22
Estee Lauder Cos.,EL,Consumer Staples,New York,New York,2011-09-16,100.08,101.89,99.35,101.7,1407100,101.7
Estee Lauder Cos.,EL,Consumer Staples,New York,New York,2011-08-12,98.2,104.21,97.51,100.85,3499800,100.85
Estee Lauder Cos.,EL,Consumer Staples,New York,New York,2011-08-03,102.02,102.21,99.29,100.73,2077100,100.73
Estee Lauder Cos.,EL,Consumer Staples,New York,New York,2011-08-02,103.94,105.63,101.65,101.79,1228400,101.79
Estee Lauder Cos.,EL,Consumer Staples,New York,New York,2011-08-01,106.08,106.15,103.15,104.65,922000,104.65
EOG Resources,EOG,Energy,Houston,Texas,2011-08-01,103.89,104.32,100.49,101.62,1830400,101.42
F5 Networks,FFIV,Information Technology,Seattle,Washington,2011-10-28,104.41,107.95,103.76,107.63,2121500,107.63
F5 Networks,FFIV,Information Technology,Seattle,Washington,2011-10-27,103.03,107,100.79,105.72,3394800,105.72
F5 Networks,FFIV,Information Technology,Seattle,Washington,2011-10-26,97.25,103,96.56,101.26,8089100,101.26
First Solar Inc,FSLR,Industrials,Tempe,Arizona,2011-08-30,101.62,102.81,100.58,101.93,1316700,101.93
First Solar Inc,FSLR,Industrials,Tempe,Arizona,2011-08-29,102.9,103.6,100.62,102.31,1019300,102.31
First Solar Inc,FSLR,Industrials,Tempe,Arizona,2011-08-26,98.41,101.55,96.18,100.71,1642400,100.71
First Solar Inc,FSLR,Industrials,Tempe,Arizona,2011-08-16,104.48,105.25,102.26,104.46,1656800,104.46
First Solar Inc,FSLR,Industrials,Tempe,Arizona,2011-08-15,104.31,106.81,104.13,106.1,1702300,106.1
First Solar Inc,FSLR,Industrials,Tempe,Arizona,2011-08-12,104.3,105.54,103.6,104.13,1100800,104.13
First Solar Inc,FSLR,Industrials,Tempe,Arizona,2011-08-11,101.16,103.92,99,103.04,2980600,103.04
First Solar Inc,FSLR,Industrials,Tempe,Arizona,2011-08-10,100.68,107.99,97.1,100.36,3936500,100.36
First Solar Inc,FSLR,Industrials,Tempe,Arizona,2011-08-05,105.5,111.69,99.03,105.43,4186100,105.43
First Solar Inc,FSLR,Industrials,Tempe,Arizona,2011-08-04,112.06,113.92,107.5,107.94,2675900,107.94
First Solar Inc,FSLR,Industrials,Tempe,Arizona,2011-08-03,115.75,116.35,112.69,115.25,1319100,115.25
First Solar Inc,FSLR,Industrials,Tempe,Arizona,2011-08-02,116.47,117.93,115,115.04,1098100,115.04
First Solar Inc,FSLR,Industrials,Tempe,Arizona,2011-08-01,121.35,123.86,116.75,117.39,1337100,117.39
Goodrich Corporation,GR,Industrials,Charlotte,North Carolina,2011-10-28,122.61,122.85,122.53,122.73,1892700,122.73
Goodrich Corporation,GR,Industrials,Charlotte,North Carolina,2011-10-27,122.77,123.17,122.55,122.58,1990300,122.58
Goodrich Corporation,GR,Industrials,Charlotte,North Carolina,2011-10-26,122.2,122.71,122.2,122.5,1707800,122.5
Goodrich Corporation,GR,Industrials,Charlotte,North Carolina,2011-10-25,122.1,122.49,121.88,122.06,2522000,122.06
Goodrich Corporation,GR,Industrials,Charlotte,North Carolina,2011-10-24,122.46,122.83,122.01,122.06,2798000,122.06
Goodrich Corporation,GR,Industrials,Charlotte,North Carolina,2011-10-21,122.31,122.67,121.86,122.6,1584800,122.6
Goodrich Corporation,GR,Industrials,Charlotte,North Carolina,2011-10-20,121.88,122.1,121.75,121.86,2244500,121.86
Goodrich Corporation,GR,Industrials,Charlotte,North Carolina,2011-10-19,121.17,122.21,121.17,121.75,3255400,121.75
Goodrich Corporation,GR,Industrials,Charlotte,North Carolina,2011-10-18,120.9,121.5,120.9,121.29,2041100,121.29
Goodrich Corporation,GR,Industrials,Charlotte,North Carolina,2011-10-17,121.13,121.24,120.87,120.98,2274200,120.98
Goodrich Corporation,GR,Industrials,Charlotte,North Carolina,2011-10-14,120.78,121.19,120.67,121.17,2037100,121.17
Goodrich Corporation,GR,Industrials,Charlotte,North Carolina,2011-10-13,120.42,120.86,120.4,120.66,3363900,120.66
Goodrich Corporation,GR,Industrials,Charlotte,North Carolina,2011-10-12,120.81,120.95,120.59,120.6,3573300,120.6
Goodrich Corporation,GR,Industrials,Charlotte,North Carolina,2011-10-11,120.66,120.81,120.5,120.6,2993800,120.6
Goodrich Corporation,GR,Industrials,Charlotte,North Carolina,2011-10-10,120.7,121,120.31,120.62,2749800,120.62
Goodrich Corporation,GR,Industrials,Charlotte,North Carolina,2011-10-07,120.85,120.85,120.24,120.38,4346200,120.38
Goodrich Corporation,GR,Industrials,Charlotte,North Carolina,2011-10-06,120.27,121.14,120.14,120.63,2748500,120.63
Goodrich Corporation,GR,Industrials,Charlotte,North Carolina,2011-10-05,120.39,120.39,119.65,120.32,3509600,120.32
Goodrich Corporation,GR,Industrials,Charlotte,North Carolina,2011-10-04,119.93,120.29,119,120.19,7785400,120.19
Goodrich Corporation,GR,Industrials,Charlotte,North Carolina,2011-10-03,120.92,120.95,119.88,119.91,9886600,119.91
Goodrich Corporation,GR,Industrials,Charlotte,North Carolina,2011-09-30,121.01,121.26,120.68,120.68,6116500,120.68
Goodrich Corporation,GR,Industrials,Charlotte,North Carolina,2011-09-29,121.33,121.33,120.99,121.08,7148000,121.08
Goodrich Corporation,GR,Industrials,Charlotte,North Carolina,2011-09-28,121.27,121.4,121.06,121.09,6850800,121.09
Goodrich Corporation,GR,Industrials,Charlotte,North Carolina,2011-09-27,121.5,121.59,121.1,121.12,8141800,121.12
Goodrich Corporation,GR,Industrials,Charlotte,North Carolina,2011-09-26,121.89,122,121.23,121.4,8440200,121.4
Goodrich Corporation,GR,Industrials,Charlotte,North Carolina,2011-09-23,120.56,122.33,120.55,121.75,9074900,121.75
Goodrich Corporation,GR,Industrials,Charlotte,North Carolina,2011-09-22,120.17,120.93,119.9,120.6,35370800,120.6
Goodrich Corporation,GR,Industrials,Charlotte,North Carolina,2011-09-21,110.74,111.6,108.99,109.49,6139900,109.49
Goodrich Corporation,GR,Industrials,Charlotte,North Carolina,2011-09-20,106.24,114.5,103.52,111.82,13051100,111.82
Goodrich Corporation,GR,Industrials,Charlotte,North Carolina,2011-09-19,106.35,109.87,99.72,107.6,15579700,107.6
Goldman Sachs Group,GS,Financials,New York,New York,2011-10-28,114.34,118.07,114,115.86,8249500,115.86
Goldman Sachs Group,GS,Financials,New York,New York,2011-10-27,110.33,117.53,110,116.4,16418100,116.4
Goldman Sachs Group,GS,Financials,New York,New York,2011-10-26,101.9,106.74,101.36,106.33,11751700,106.33
Goldman Sachs Group,GS,Financials,New York,New York,2011-10-25,103.05,103.17,100.08,100.44,5150100,100.44
Goldman Sachs Group,GS,Financials,New York,New York,2011-10-24,102.65,104.73,102.58,103.98,5616600,103.98
Goldman Sachs Group,GS,Financials,New York,New York,2011-10-21,101.74,103.06,100.59,102.09,5854800,102.09
Goldman Sachs Group,GS,Financials,New York,New York,2011-10-20,101.69,102.17,98.28,100.86,7351200,100.86
Goldman Sachs Group,GS,Financials,New York,New York,2011-10-19,101.55,104.94,100.32,100.79,9959400,100.79
Goldman Sachs Group,GS,Financials,New York,New York,2011-10-18,98.19,103.74,96.55,102.25,16777200,102.25
Goldman Sachs Group,GS,Financials,New York,New York,2011-09-20,105,105.27,102.53,102.61,4978100,102.61
Goldman Sachs Group,GS,Financials,New York,New York,2011-09-19,105.32,105.6,103.25,104.81,5821600,104.81
Goldman Sachs Group,GS,Financials,New York,New York,2011-09-16,109.07,109.66,105.91,107.49,7999300,107.49
Goldman Sachs Group,GS,Financials,New York,New York,2011-09-15,105.17,108.19,105.1,107.97,6354500,107.97
Goldman Sachs Group,GS,Financials,New York,New York,2011-09-14,104.91,105.88,103.53,104.54,6602200,104.54
Goldman Sachs Group,GS,Financials,New York,New York,2011-09-13,103.41,105.18,101.5,104.09,7119200,104.09
Goldman Sachs Group,GS,Financials,New York,New York,2011-09-12,100.79,103,99.78,102.92,8769600,102.92
Goldman Sachs Group,GS,Financials,New York,New York,2011-09-09,104.38,105.82,102.22,102.25,8613700,102.25
Goldman Sachs Group,GS,Financials,New York,New York,2011-09-08,107.13,108,104.74,104.79,6508800,104.79
Goldman Sachs Group,GS,Financials,New York,New York,2011-09-07,106,108.79,105,108.34,6526400,108.34
Goldman Sachs Group,GS,Financials,New York,New York,2011-09-06,103.67,105.6,103.43,104.56,7749300,104.56
Goldman Sachs Group,GS,Financials,New York,New York,2011-09-02,108.58,109.24,105.8,107.06,8380900,107.06
Goldman Sachs Group,GS,Financials,New York,New York,2011-09-01,115.55,115.55,111.6,112.16,9855500,112.16
Goldman Sachs Group,GS,Financials,New York,New York,2011-08-31,115.4,117.8,114.67,116.22,6488100,116.22
Goldman Sachs Group,GS,Financials,New York,New York,2011-08-30,115.33,116,113.25,115.18,5298800,115.18
Goldman Sachs Group,GS,Financials,New York,New York,2011-08-29,113.65,116.54,112.33,116.07,5177900,115.72
Goldman Sachs Group,GS,Financials,New York,New York,2011-08-26,108.63,112.58,107.72,111.75,7355700,111.41
Goldman Sachs Group,GS,Financials,New York,New York,2011-08-25,114.51,118.1,108.11,109.84,11939500,109.51
Goldman Sachs Group,GS,Financials,New York,New York,2011-08-24,106.9,110.74,106.39,110.31,10169800,109.98
Goldman Sachs Group,GS,Financials,New York,New York,2011-08-23,106.02,108.8,103.16,106.86,24482500,106.54
Goldman Sachs Group,GS,Financials,New York,New York,2011-08-22,114.17,114.49,105.1,106.51,11286600,106.19
Goldman Sachs Group,GS,Financials,New York,New York,2011-08-19,111.87,115.3,111.11,111.76,6829000,111.42
Goldman Sachs Group,GS,Financials,New York,New York,2011-08-18,112.15,114.5,112.04,113.14,9284600,112.8
Goldman Sachs Group,GS,Financials,New York,New York,2011-08-17,117.36,118.75,116.55,117.25,4828600,116.9
Goldman Sachs Group,GS,Financials,New York,New York,2011-08-16,117.6,119.78,115.5,116.87,7413100,116.52
Goldman Sachs Group,GS,Financials,New York,New York,2011-08-15,117.57,119.7,116,119.13,7257200,118.77
Goldman Sachs Group,GS,Financials,New York,New York,2011-08-12,119.82,120.88,115.29,116.47,9607900,116.12
Goldman Sachs Group,GS,Financials,New York,New York,2011-08-11,112.94,119.75,112.25,118.1,11842200,117.74
Goldman Sachs Group,GS,Financials,New York,New York,2011-08-10,119.58,119.67,110.04,110.34,18592000,110.01
Goldman Sachs Group,GS,Financials,New York,New York,2011-08-09,120.51,123.15,111.6,122.73,15913400,122.36
Goldman Sachs Group,GS,Financials,New York,New York,2011-08-08,122.08,125.44,112.11,117.66,17378000,117.31
Goldman Sachs Group,GS,Financials,New York,New York,2011-08-05,127.75,129.23,122.35,125.18,11167300,124.8
IntercontinentalExchange Inc.,ICE,Financials,Atlanta,Georgia,2011-10-25,126.41,127.3,123.72,124.12,506900,124.12
IntercontinentalExchange Inc.,ICE,Financials,Atlanta,Georgia,2011-10-20,123.42,123.43,120.89,122.81,544800,122.81
IntercontinentalExchange Inc.,ICE,Financials,Atlanta,Georgia,2011-10-19,124.7,125.17,122.56,122.81,800200,122.81
IntercontinentalExchange Inc.,ICE,Financials,Atlanta,Georgia,2011-10-18,122.5,125.28,119.7,124.5,858200,124.5
IntercontinentalExchange Inc.,ICE,Financials,Atlanta,Georgia,2011-10-17,123.41,124.96,121.95,122.28,647500,122.28
IntercontinentalExchange Inc.,ICE,Financials,Atlanta,Georgia,2011-10-14,125.45,125.51,123,124.45,479000,124.45
IntercontinentalExchange Inc.,ICE,Financials,Atlanta,Georgia,2011-10-13,124.78,124.86,122.34,124.08,415400,124.08
IntercontinentalExchange Inc.,ICE,Financials,Atlanta,Georgia,2011-10-11,125,125.49,121.58,123.1,705000,123.1
IntercontinentalExchange Inc.,ICE,Financials,Atlanta,Georgia,2011-10-07,124.73,124.73,121.05,121.62,750600,121.62
IntercontinentalExchange Inc.,ICE,Financials,Atlanta,Georgia,2011-10-05,121.43,123.8,119.38,123.13,577800,123.13
IntercontinentalExchange Inc.,ICE,Financials,Atlanta,Georgia,2011-10-04,116.44,121.71,115.23,121.26,885200,121.26
IntercontinentalExchange Inc.,ICE,Financials,Atlanta,Georgia,2011-10-03,117.87,121.21,117.56,117.7,866200,117.7
IntercontinentalExchange Inc.,ICE,Financials,Atlanta,Georgia,2011-09-30,120.88,121.38,118.15,118.26,606000,118.26
IntercontinentalExchange Inc.,ICE,Financials,Atlanta,Georgia,2011-09-29,123,123.87,119.18,122.18,681700,122.18
IntercontinentalExchange Inc.,ICE,Financials,Atlanta,Georgia,2011-09-28,123.07,124.01,120.64,121.42,914700,121.42
IntercontinentalExchange Inc.,ICE,Financials,Atlanta,Georgia,2011-09-27,125.07,125.68,123.31,124.04,998000,124.04
IntercontinentalExchange Inc.,ICE,Financials,Atlanta,Georgia,2011-09-26,123.63,124.22,119.42,124.07,799900,124.07
IntercontinentalExchange Inc.,ICE,Financials,Atlanta,Georgia,2011-09-23,122.53,123.47,119.82,122.1,1170400,122.1
IntercontinentalExchange Inc.,ICE,Financials,Atlanta,Georgia,2011-09-22,120.11,123.58,118.81,122.94,1199200,122.94
IntercontinentalExchange Inc.,ICE,Financials,Atlanta,Georgia,2011-09-21,122.5,126.46,122.46,122.87,882100,122.87
IntercontinentalExchange Inc.,ICE,Financials,Atlanta,Georgia,2011-09-20,123.72,125.5,121.89,122.45,424000,122.45
IntercontinentalExchange Inc.,ICE,Financials,Atlanta,Georgia,2011-09-19,122.62,123.97,121.06,122.88,490700,122.88
IntercontinentalExchange Inc.,ICE,Financials,Atlanta,Georgia,2011-09-16,123.71,125.28,122.92,124.98,882200,124.98
IntercontinentalExchange Inc.,ICE,Financials,Atlanta,Georgia,2011-09-15,121.3,123.79,118.84,123.68,958400,123.68
IntercontinentalExchange Inc.,ICE,Financials,Atlanta,Georgia,2011-09-14,119.75,121.99,116.36,120.49,681700,120.49
IntercontinentalExchange Inc.,ICE,Financials,Atlanta,Georgia,2011-09-13,117.56,119.34,116.2,119.12,582800,119.12
IntercontinentalExchange Inc.,ICE,Financials,Atlanta,Georgia,2011-09-12,112.67,117.74,112.08,117.64,660100,117.64
IntercontinentalExchange Inc.,ICE,Financials,Atlanta,Georgia,2011-09-09,115.52,117.02,113.85,114.48,658000,114.48
IntercontinentalExchange Inc.,ICE,Financials,Atlanta,Georgia,2011-09-08,116.11,118,115.19,116.7,602500,116.7
IntercontinentalExchange Inc.,ICE,Financials,Atlanta,Georgia,2011-09-07,114.61,117.25,113.73,117.07,739100,117.07
IntercontinentalExchange Inc.,ICE,Financials,Atlanta,Georgia,2011-09-06,108.99,113.5,108.82,113.18,590300,113.18
IntercontinentalExchange Inc.,ICE,Financials,Atlanta,Georgia,2011-09-02,113.41,114.12,111.65,112.53,368100,112.53
IntercontinentalExchange Inc.,ICE,Financials,Atlanta,Georgia,2011-09-01,117.73,117.98,114.82,115.21,439500,115.21
IntercontinentalExchange Inc.,ICE,Financials,Atlanta,Georgia,2011-08-31,117.32,118.43,116.51,117.95,571100,117.95
IntercontinentalExchange Inc.,ICE,Financials,Atlanta,Georgia,2011-08-30,115.99,116.96,113.68,116.21,438700,116.21
IntercontinentalExchange Inc.,ICE,Financials,Atlanta,Georgia,2011-08-29,114.61,116.46,113.64,116.45,478100,116.45
IntercontinentalExchange Inc.,ICE,Financials,Atlanta,Georgia,2011-08-26,109.36,112.3,107.15,112.09,436800,112.09
IntercontinentalExchange Inc.,ICE,Financials,Atlanta,Georgia,2011-08-25,113.92,113.92,109.26,110.24,509300,110.24
IntercontinentalExchange Inc.,ICE,Financials,Atlanta,Georgia,2011-08-24,110.9,112.7,110.1,112.61,439700,112.61
IntercontinentalExchange Inc.,ICE,Financials,Atlanta,Georgia,2011-08-23,106.27,111.41,105.31,111.29,703600,111.29
IntercontinentalExchange Inc.,ICE,Financials,Atlanta,Georgia,2011-08-22,107.1,108.49,105.77,106.24,530200,106.24
IntercontinentalExchange Inc.,ICE,Financials,Atlanta,Georgia,2011-08-19,104.21,107.33,104,105.05,707200,105.05
IntercontinentalExchange Inc.,ICE,Financials,Atlanta,Georgia,2011-08-18,108.05,108.53,104.92,105.73,800900,105.73
IntercontinentalExchange Inc.,ICE,Financials,Atlanta,Georgia,2011-08-17,111.85,113.94,110.63,111.14,729600,111.14
IntercontinentalExchange Inc.,ICE,Financials,Atlanta,Georgia,2011-08-16,115.03,115.52,109.29,111.22,1606800,111.22
IntercontinentalExchange Inc.,ICE,Financials,Atlanta,Georgia,2011-08-15,115.89,116.65,114.72,116.43,733700,116.43
IntercontinentalExchange Inc.,ICE,Financials,Atlanta,Georgia,2011-08-12,117.56,118.26,114.41,114.88,648900,114.88
IntercontinentalExchange Inc.,ICE,Financials,Atlanta,Georgia,2011-08-11,111,118.25,110.7,116.85,1184600,116.85
IntercontinentalExchange Inc.,ICE,Financials,Atlanta,Georgia,2011-08-10,110,114.84,106.75,109.8,1872300,109.8
IntercontinentalExchange Inc.,ICE,Financials,Atlanta,Georgia,2011-08-09,106.01,114.37,104.77,113,2844100,113
IntercontinentalExchange Inc.,ICE,Financials,Atlanta,Georgia,2011-08-08,107.6,110.87,102.57,103.91,2595600,103.91
IntercontinentalExchange Inc.,ICE,Financials,Atlanta,Georgia,2011-08-05,112.21,113.8,109.03,110.16,1064700,110.16
IntercontinentalExchange Inc.,ICE,Financials,Atlanta,Georgia,2011-08-04,115.31,115.87,110.67,110.84,973000,110.84
IntercontinentalExchange Inc.,ICE,Financials,Atlanta,Georgia,2011-08-03,119.4,120.55,114.11,117.02,1213000,117.02
IntercontinentalExchange Inc.,ICE,Financials,Atlanta,Georgia,2011-08-02,121.22,122.13,119.07,119.09,666000,119.09
IntercontinentalExchange Inc.,ICE,Financials,Atlanta,Georgia,2011-08-01,124.73,124.73,120.92,122.12,441200,122.12
Lorillard Inc.,LO,Consumer Staples,Greensboro,North Carolina,2011-10-28,113.42,114.99,112.04,114.61,1412700,114.61
Lorillard Inc.,LO,Consumer Staples,Greensboro,North Carolina,2011-10-27,113.53,113.53,111.62,113.17,1467000,113.17
Lorillard Inc.,LO,Consumer Staples,Greensboro,North Carolina,2011-10-26,114.63,114.63,111.08,111.96,1510800,111.96
Lorillard Inc.,LO,Consumer Staples,Greensboro,North Carolina,2011-10-25,113.72,114.92,113.1,113.47,1437700,113.47
Lorillard Inc.,LO,Consumer Staples,Greensboro,North Carolina,2011-10-24,112,116.65,109.19,114.97,3414100,114.97
Lorillard Inc.,LO,Consumer Staples,Greensboro,North Carolina,2011-10-21,115.15,116.46,114.55,115.64,1637600,115.64
Lorillard Inc.,LO,Consumer Staples,Greensboro,North Carolina,2011-10-20,116.3,117.48,113.97,114.34,1304500,114.34
Lorillard Inc.,LO,Consumer Staples,Greensboro,North Carolina,2011-10-19,112.48,115.49,111.68,114,1809700,114
Lorillard Inc.,LO,Consumer Staples,Greensboro,North Carolina,2011-10-18,116.35,116.76,111.38,111.64,2482500,111.64
Lorillard Inc.,LO,Consumer Staples,Greensboro,North Carolina,2011-10-17,117.25,118.15,116.41,116.6,1864200,116.6
Lorillard Inc.,LO,Consumer Staples,Greensboro,North Carolina,2011-10-14,117.36,117.85,116.17,117.53,950800,117.53
Lorillard Inc.,LO,Consumer Staples,Greensboro,North Carolina,2011-10-13,116,117.24,115.37,116.49,1508400,116.49
Lorillard Inc.,LO,Consumer Staples,Greensboro,North Carolina,2011-10-12,117.47,118.24,115.96,116.05,1635600,116.05
Lorillard Inc.,LO,Consumer Staples,Greensboro,North Carolina,2011-10-11,118.3,118.81,117.14,117.53,1912500,117.53
Lorillard Inc.,LO,Consumer Staples,Greensboro,North Carolina,2011-10-10,117.45,120,117.39,118.47,2994100,118.47
Lorillard Inc.,LO,Consumer Staples,Greensboro,North Carolina,2011-10-07,115.6,116.7,115.33,115.95,2656900,115.95
Lorillard Inc.,LO,Consumer Staples,Greensboro,North Carolina,2011-10-06,112.09,115.86,111.57,115.13,2645600,115.13
Lorillard Inc.,LO,Consumer Staples,Greensboro,North Carolina,2011-10-05,112.01,112.4,109.56,111.98,2460800,111.98
Lorillard Inc.,LO,Consumer Staples,Greensboro,North Carolina,2011-10-04,110.39,112.12,109,112.01,3231300,112.01
Lorillard Inc.,LO,Consumer Staples,Greensboro,North Carolina,2011-10-03,110.66,114.52,110.54,112.95,3760500,112.95
Lorillard Inc.,LO,Consumer Staples,Greensboro,North Carolina,2011-09-30,109.04,112.71,109.04,110.7,2099400,110.7
Lorillard Inc.,LO,Consumer Staples,Greensboro,North Carolina,2011-09-29,109.91,110.22,108.75,110.07,2029800,110.07
Lorillard Inc.,LO,Consumer Staples,Greensboro,North Carolina,2011-09-28,110.3,110.36,107.89,108.51,1473200,108.51
Lorillard Inc.,LO,Consumer Staples,Greensboro,North Carolina,2011-09-27,111.26,111.54,109.93,110.29,1352800,110.29
Lorillard Inc.,LO,Consumer Staples,Greensboro,North Carolina,2011-09-26,107.08,109.87,107.08,109.73,4277900,109.73
Lorillard Inc.,LO,Consumer Staples,Greensboro,North Carolina,2011-09-23,106.21,107.32,105.29,106,1552500,106
Lorillard Inc.,LO,Consumer Staples,Greensboro,North Carolina,2011-09-22,107.02,108.26,105.93,106.65,1670800,106.65
Lorillard Inc.,LO,Consumer Staples,Greensboro,North Carolina,2011-09-21,111.9,111.97,108.62,108.62,1269900,108.62
Lorillard Inc.,LO,Consumer Staples,Greensboro,North Carolina,2011-09-20,111.98,112.78,111.66,111.75,1300900,111.75
Lorillard Inc.,LO,Consumer Staples,Greensboro,North Carolina,2011-09-19,110.58,112.04,110.58,111.55,1588200,111.55
Lorillard Inc.,LO,Consumer Staples,Greensboro,North Carolina,2011-09-16,112.24,112.96,111.25,111.8,2286600,111.8
Lorillard Inc.,LO,Consumer Staples,Greensboro,North Carolina,2011-09-15,110.88,112.14,110.02,111.89,1597900,111.89
Lorillard Inc.,LO,Consumer Staples,Greensboro,North Carolina,2011-09-14,109.96,110.74,109.01,110.01,1732300,110.01
Lorillard Inc.,LO,Consumer Staples,Greensboro,North Carolina,2011-09-13,109.51,110.3,108.63,109.68,1434600,109.68
Lorillard Inc.,LO,Consumer Staples,Greensboro,North Carolina,2011-09-12,106.62,109.34,105.91,109.23,1818800,109.23
Lorillard Inc.,LO,Consumer Staples,Greensboro,North Carolina,2011-09-09,108.73,108.73,106.98,107.54,1659000,107.54
Lorillard Inc.,LO,Consumer Staples,Greensboro,North Carolina,2011-09-08,110.12,110.5,109.15,109.4,1286900,109.4
Lorillard Inc.,LO,Consumer Staples,Greensboro,North Carolina,2011-09-07,110.01,110.75,109.04,110.47,1777600,110.47
Lorillard Inc.,LO,Consumer Staples,Greensboro,North Carolina,2011-09-06,107.98,109.07,106.99,108.59,2073700,108.59
Lorillard Inc.,LO,Consumer Staples,Greensboro,North Carolina,2011-09-02,110.54,111.3,109.89,110.07,963100,110.07
Lorillard Inc.,LO,Consumer Staples,Greensboro,North Carolina,2011-09-01,111.56,112.79,111.18,111.7,1999800,111.7
Lorillard Inc.,LO,Consumer Staples,Greensboro,North Carolina,2011-08-31,111.91,112.15,110.79,111.42,1378100,111.42
Lorillard Inc.,LO,Consumer Staples,Greensboro,North Carolina,2011-08-30,111.24,111.6,110.36,111.21,1305900,111.21
Lorillard Inc.,LO,Consumer Staples,Greensboro,North Carolina,2011-08-29,111.33,113.32,111.16,112.8,1301200,111.5
Lorillard Inc.,LO,Consumer Staples,Greensboro,North Carolina,2011-08-26,108.78,110.53,106.7,110.11,1074600,108.84
Lorillard Inc.,LO,Consumer Staples,Greensboro,North Carolina,2011-08-25,112.12,112.12,108.64,109.11,1330200,107.85
Lorillard Inc.,LO,Consumer Staples,Greensboro,North Carolina,2011-08-24,110.82,111.75,109.99,111.28,1680700,110
Lorillard Inc.,LO,Consumer Staples,Greensboro,North Carolina,2011-08-23,108.63,111.57,108.63,111.26,1988800,109.98
Lorillard Inc.,LO,Consumer Staples,Greensboro,North Carolina,2011-08-22,110.01,110.76,108.16,108.84,2400800,107.59
Lorillard Inc.,LO,Consumer Staples,Greensboro,North Carolina,2011-08-19,106.3,111.43,106.3,108.62,2309900,107.37
Lorillard Inc.,LO,Consumer Staples,Greensboro,North Carolina,2011-08-18,106.51,108.29,105.98,107.55,1651400,106.31
Lorillard Inc.,LO,Consumer Staples,Greensboro,North Carolina,2011-08-17,100.76,109.47,100.76,108.38,1855700,107.13
Lorillard Inc.,LO,Consumer Staples,Greensboro,North Carolina,2011-08-16,104.91,106.27,104.24,105.16,994400,103.95
Lorillard Inc.,LO,Consumer Staples,Greensboro,North Carolina,2011-08-15,102.56,105.91,102.05,105.82,1815600,104.6
Lorillard Inc.,LO,Consumer Staples,Greensboro,North Carolina,2011-08-12,101.35,101.96,100.63,101.62,1850300,100.45
Lorillard Inc.,LO,Consumer Staples,Greensboro,North Carolina,2011-08-09,101.14,101.59,97.38,101.4,5206000,100.23
Lorillard Inc.,LO,Consumer Staples,Greensboro,North Carolina,2011-08-05,104.38,105.71,100.68,105.25,1973300,104.04
Lorillard Inc.,LO,Consumer Staples,Greensboro,North Carolina,2011-08-04,106.11,107.23,103.31,103.43,2332000,102.24
Lorillard Inc.,LO,Consumer Staples,Greensboro,North Carolina,2011-08-03,104.59,107.59,104.59,106.97,1828100,105.74
Lorillard Inc.,LO,Consumer Staples,Greensboro,North Carolina,2011-08-02,103.87,106.21,103.83,104.59,1183300,103.38
Lorillard Inc.,LO,Consumer Staples,Greensboro,North Carolina,2011-08-01,106.86,106.97,102.97,104.87,1173900,103.66
NetFlix Inc.,NFLX,Information Technology,Los Gatos,California,2011-10-24,119.1,120.28,115.1,118.84,16780300,118.84
NetFlix Inc.,NFLX,Information Technology,Los Gatos,California,2011-10-21,113.69,117.13,110.94,117.04,6274800,117.04
NetFlix Inc.,NFLX,Information Technology,Los Gatos,California,2011-10-20,110.05,111.99,109.08,111.48,3654000,111.48
NetFlix Inc.,NFLX,Information Technology,Los Gatos,California,2011-10-19,110.66,114.09,105.59,109.42,8636700,109.42
NetFlix Inc.,NFLX,Information Technology,Los Gatos,California,2011-10-18,117.25,117.49,110.58,111.74,6002300,111.74
NetFlix Inc.,NFLX,Information Technology,Los Gatos,California,2011-10-17,115.91,119.25,115.23,117.33,5621000,117.33
NetFlix Inc.,NFLX,Information Technology,Los Gatos,California,2011-10-14,121.47,122,114.4,116.04,7045600,116.04
NetFlix Inc.,NFLX,Information Technology,Los Gatos,California,2011-10-13,112.6,118.97,111.25,117.01,9863100,117.01
NetFlix Inc.,NFLX,Information Technology,Los Gatos,California,2011-10-12,109.4,116.24,107.07,113.62,10312600,113.62
NetFlix Inc.,NFLX,Information Technology,Los Gatos,California,2011-10-11,109.32,110.94,103.13,108.66,20153900,108.66
NetFlix Inc.,NFLX,Information Technology,Los Gatos,California,2011-10-10,127.56,128.5,107.31,111.62,21677800,111.62
NetFlix Inc.,NFLX,Information Technology,Los Gatos,California,2011-10-07,123,124.18,117,117.21,5770500,117.21
NetFlix Inc.,NFLX,Information Technology,Los Gatos,California,2011-10-06,119.7,124.25,118.48,123.24,5785300,123.24
NetFlix Inc.,NFLX,Information Technology,Los Gatos,California,2011-10-05,115.59,119.86,112,119.76,7488400,119.76
NetFlix Inc.,NFLX,Information Technology,Los Gatos,California,2011-10-04,114.68,117,110,114.9,7216000,114.9
NetFlix Inc.,NFLX,Information Technology,Los Gatos,California,2011-10-03,115.14,119.94,112.62,113.25,8449500,113.25
NetFlix Inc.,NFLX,Information Technology,Los Gatos,California,2011-09-30,109.22,115.75,107.63,113.27,10983100,113.27
NetFlix Inc.,NFLX,Information Technology,Los Gatos,California,2011-09-29,128.07,128.43,107.74,113.19,19417400,113.19
Public Storage,PSA,Financials,Glendale,California,2011-10-26,123.77,125.12,122.79,124.69,1035400,124.69
Public Storage,PSA,Financials,Glendale,California,2011-10-25,122.56,123.97,121.09,122.45,1364900,122.45
Public Storage,PSA,Financials,Glendale,California,2011-10-24,119.71,123.24,119.08,123.13,909000,123.13
Public Storage,PSA,Financials,Glendale,California,2011-10-21,117.46,119.73,117.22,119.66,947300,119.66
Public Storage,PSA,Financials,Glendale,California,2011-10-20,115.63,116.37,113.51,116.02,845700,116.02
Public Storage,PSA,Financials,Glendale,California,2011-10-19,117.01,117.57,115,115.34,980400,115.34
Public Storage,PSA,Financials,Glendale,California,2011-10-18,113.93,117.86,113.57,117.29,883800,117.29
Public Storage,PSA,Financials,Glendale,California,2011-10-17,114.46,115.58,113.48,113.86,1056400,113.86
Public Storage,PSA,Financials,Glendale,California,2011-10-14,114.78,115.24,113.59,114.91,692100,114.91
Public Storage,PSA,Financials,Glendale,California,2011-10-13,113.37,114.51,111.68,113.5,691300,113.5
Public Storage,PSA,Financials,Glendale,California,2011-10-12,112.68,115.48,111.78,114.36,878800,114.36
Public Storage,PSA,Financials,Glendale,California,2011-10-11,113.8,114.18,111.7,112.08,731500,112.08
Public Storage,PSA,Financials,Glendale,California,2011-10-10,110.62,114.65,110.27,114.59,1058000,114.59
Public Storage,PSA,Financials,Glendale,California,2011-10-07,112.42,112.42,108.08,108.23,1444100,108.23
Public Storage,PSA,Financials,Glendale,California,2011-10-06,109.41,112.03,108.57,111.75,1110300,111.75
Public Storage,PSA,Financials,Glendale,California,2011-10-05,109.74,110.59,105.05,109.96,1418300,109.96
Public Storage,PSA,Financials,Glendale,California,2011-10-04,104.5,110.22,103.42,109.91,1800000,109.91
Public Storage,PSA,Financials,Glendale,California,2011-10-03,110.2,111.91,105.71,105.78,1514800,105.78
Public Storage,PSA,Financials,Glendale,California,2011-09-30,112.52,113.77,111.19,111.35,1130800,111.35
Public Storage,PSA,Financials,Glendale,California,2011-09-29,115.23,115.34,112.29,113.63,1060400,113.63
Public Storage,PSA,Financials,Glendale,California,2011-09-28,115.5,116.39,112.82,113.02,1004300,113.02
Public Storage,PSA,Financials,Glendale,California,2011-09-27,116.83,117.41,114.65,115.22,1449300,115.22
Public Storage,PSA,Financials,Glendale,California,2011-09-26,114.46,114.84,112.93,114.71,1127900,114.71
Public Storage,PSA,Financials,Glendale,California,2011-09-23,114.33,114.7,112.06,113.7,1345900,113.7
Public Storage,PSA,Financials,Glendale,California,2011-09-22,115.42,116.49,113.01,114.7,1558000,114.7
Public Storage,PSA,Financials,Glendale,California,2011-09-21,120.45,121.94,116.51,116.86,1211600,116.86
Public Storage,PSA,Financials,Glendale,California,2011-09-20,121.33,122.26,120.58,120.65,893300,120.65
Public Storage,PSA,Financials,Glendale,California,2011-09-19,120.73,121.85,120.38,120.53,1008500,120.53
Public Storage,PSA,Financials,Glendale,California,2011-09-16,123.23,123.69,120.98,122.94,1439200,122.94
Public Storage,PSA,Financials,Glendale,California,2011-09-15,123.12,123.24,121.69,122.92,789100,122.92
Public Storage,PSA,Financials,Glendale,California,2011-09-14,120.84,122.51,118.37,121.91,1149800,121.91
Public Storage,PSA,Financials,Glendale,California,2011-09-13,120.85,120.93,118.96,120.05,909000,120.05
Public Storage,PSA,Financials,Glendale,California,2011-09-12,118.38,120.73,117.85,120.63,706000,120.63
Public Storage,PSA,Financials,Glendale,California,2011-09-09,122.81,123.46,119.85,120.66,1193900,119.71
Public Storage,PSA,Financials,Glendale,California,2011-09-08,122.59,124.81,122.18,123.85,1031500,122.87
Public Storage,PSA,Financials,Glendale,California,2011-09-07,120.78,123.72,118.81,123.63,968900,122.66
Public Storage,PSA,Financials,Glendale,California,2011-09-06,114.96,119.12,114.96,118.89,839700,117.95
Public Storage,PSA,Financials,Glendale,California,2011-09-02,119.02,121.49,118.37,118.59,1051800,117.66
Public Storage,PSA,Financials,Glendale,California,2011-09-01,123.88,124.39,120.9,121.24,1156200,120.29
Public Storage,PSA,Financials,Glendale,California,2011-08-31,123.82,124.19,122.49,123.73,1044900,122.76
Public Storage,PSA,Financials,Glendale,California,2011-08-30,122.32,124.26,120.71,123.34,880400,122.37
Public Storage,PSA,Financials,Glendale,California,2011-08-29,122.01,123.28,119.84,122.45,971800,121.49
Public Storage,PSA,Financials,Glendale,California,2011-08-26,117.29,120.21,114.7,120.11,1045000,119.16
Public Storage,PSA,Financials,Glendale,California,2011-08-25,120.44,121.47,116.62,117.77,880800,116.84
Public Storage,PSA,Financials,Glendale,California,2011-08-24,118.5,120.55,117.05,120.04,1120300,119.09
Public Storage,PSA,Financials,Glendale,California,2011-08-23,116.07,119.5,115.35,119.49,1237100,118.55
Public Storage,PSA,Financials,Glendale,California,2011-08-22,116.03,116.4,113.83,115.3,1320100,114.39
Public Storage,PSA,Financials,Glendale,California,2011-08-19,113.71,117.31,113.7,113.95,1209300,113.05
Public Storage,PSA,Financials,Glendale,California,2011-08-18,117.48,118.95,114.61,115.82,1415100,114.91
Public Storage,PSA,Financials,Glendale,California,2011-08-17,120.9,123.06,119.98,120.36,1351600,119.41
Public Storage,PSA,Financials,Glendale,California,2011-08-16,118.68,121.78,117.57,120.27,1507600,119.32
Public Storage,PSA,Financials,Glendale,California,2011-08-15,117.91,119.95,117.53,119.82,1734100,118.88
Public Storage,PSA,Financials,Glendale,California,2011-08-12,118.25,120.5,116.39,116.97,1061800,116.05
Public Storage,PSA,Financials,Glendale,California,2011-08-11,110.15,119.6,110.01,117.51,1816700,116.58
Public Storage,PSA,Financials,Glendale,California,2011-08-10,110.02,115.2,109.09,109.62,1962600,108.76
Public Storage,PSA,Financials,Glendale,California,2011-08-09,102.34,113.33,101.77,112.77,2745000,111.88
Public Storage,PSA,Financials,Glendale,California,2011-08-08,108.2,108.76,102.01,102.07,2105400,101.27
Public Storage,PSA,Financials,Glendale,California,2011-08-05,112.72,112.72,108.48,110.31,1685400,109.44
Public Storage,PSA,Financials,Glendale,California,2011-08-04,115.7,116.77,110.81,110.82,1333800,109.95
Public Storage,PSA,Financials,Glendale,California,2011-08-03,116.6,117.42,113.28,117.08,1143700,116.16
Public Storage,PSA,Financials,Glendale,California,2011-08-02,118,119.1,116.27,116.4,1089400,115.48
Public Storage,PSA,Financials,Glendale,California,2011-08-01,120.62,121.2,117.67,118.8,1177400,117.86
Praxair Inc.,PX,Materials,Danbury,Connecticut,2011-10-28,104.9,106.02,104.08,105.27,2166700,105.27
Praxair Inc.,PX,Materials,Danbury,Connecticut,2011-10-27,105.42,106.45,103.31,105.58,3207000,105.58
Praxair Inc.,PX,Materials,Danbury,Connecticut,2011-10-26,100.95,104.62,100.11,104.32,2210000,104.32
Praxair Inc.,PX,Materials,Danbury,Connecticut,2011-10-25,103.15,104.15,101.52,101.65,1573300,101.65
Praxair Inc.,PX,Materials,Danbury,Connecticut,2011-10-24,103.5,103.89,102.68,103.6,1572300,103.6
Praxair Inc.,PX,Materials,Danbury,Connecticut,2011-10-21,102.34,103.51,101.36,103.5,2105800,103.5
Praxair Inc.,PX,Materials,Danbury,Connecticut,2011-10-20,100.71,102.17,99.65,101.55,1544900,101.55
Praxair Inc.,PX,Materials,Danbury,Connecticut,2011-10-19,102.97,103,100.36,100.73,1698000,100.73
Praxair Inc.,PX,Materials,Danbury,Connecticut,2011-10-18,100.7,103.94,99.8,103.07,2096900,103.07
Praxair Inc.,PX,Materials,Danbury,Connecticut,2011-10-17,102.48,102.48,100.58,100.91,1336100,100.91
Praxair Inc.,PX,Materials,Danbury,Connecticut,2011-10-14,101.92,102.91,101.2,102.65,1548000,102.65
Praxair Inc.,PX,Materials,Danbury,Connecticut,2011-10-13,100.76,101.4,99.22,101.04,1189100,101.04
Praxair Inc.,PX,Materials,Danbury,Connecticut,2011-10-12,101.26,102.85,100.46,101.62,1659000,101.62
Praxair Inc.,PX,Materials,Danbury,Connecticut,2011-10-11,101,101.7,100.28,100.86,1037300,100.86
Praxair Inc.,PX,Materials,Danbury,Connecticut,2011-10-10,99.87,102.03,99.69,101.96,1443100,101.96
Praxair Inc.,PX,Materials,Danbury,Connecticut,2011-09-20,100.32,102.32,98.94,101.51,2626000,101.51
Praxair Inc.,PX,Materials,Danbury,Connecticut,2011-09-19,98.89,100.45,97.84,100.09,1506000,100.09
Praxair Inc.,PX,Materials,Danbury,Connecticut,2011-09-16,100.57,100.87,99.32,100.81,1824900,100.81
Praxair Inc.,PX,Materials,Danbury,Connecticut,2011-08-03,100.8,101.96,99.78,101.9,1734600,101.38
Praxair Inc.,PX,Materials,Danbury,Connecticut,2011-08-02,101.85,102.61,100.56,100.57,2573900,100.06
Praxair Inc.,PX,Materials,Danbury,Connecticut,2011-08-01,103.98,104.46,101.5,102.51,1330300,101.99
Polo Ralph Lauren Corp.,RL,Consumer Discretionary,New York,New York,2011-08-22,122.98,124.6,119.41,121.11,1897200,120.95
Polo Ralph Lauren Corp.,RL,Consumer Discretionary,New York,New York,2011-08-19,125.11,129.73,121,121.12,2113800,120.96
Polo Ralph Lauren Corp.,RL,Consumer Discretionary,New York,New York,2011-08-09,116.62,120.28,105.11,119.85,4792300,119.69
Polo Ralph Lauren Corp.,RL,Consumer Discretionary,New York,New York,2011-08-08,120.67,123.9,113.95,114.16,2416200,114.01
Polo Ralph Lauren Corp.,RL,Consumer Discretionary,New York,New York,2011-08-05,122.34,125.51,119.61,124.52,1867600,124.35
Polo Ralph Lauren Corp.,RL,Consumer Discretionary,New York,New York,2011-08-04,127.21,128.67,120.25,120.27,1559300,120.11
Simon Property Group Inc,SPG,Financials,Indianapolis,Indiana,2011-10-26,121.77,124.26,121.43,123.59,2189800,123.59
Simon Property Group Inc,SPG,Financials,Indianapolis,Indiana,2011-10-25,122.02,123.27,120.82,121.11,2118500,121.11
Simon Property Group Inc,SPG,Financials,Indianapolis,Indiana,2011-10-24,120.62,123.26,119.73,122.87,2417300,122.87
Simon Property Group Inc,SPG,Financials,Indianapolis,Indiana,2011-10-21,118.28,120.76,117.27,120.7,2869400,120.7
Simon Property Group Inc,SPG,Financials,Indianapolis,Indiana,2011-10-20,115.38,116.94,113.8,116.74,1740100,116.74
Simon Property Group Inc,SPG,Financials,Indianapolis,Indiana,2011-10-19,117.19,117.75,115.13,115.56,2080500,115.56
Simon Property Group Inc,SPG,Financials,Indianapolis,Indiana,2011-10-18,113.34,117.65,112.97,117.21,2123500,117.21
Simon Property Group Inc,SPG,Financials,Indianapolis,Indiana,2011-10-17,115.4,115.63,112.76,112.94,2016400,112.94
Simon Property Group Inc,SPG,Financials,Indianapolis,Indiana,2011-10-14,114.41,116.21,113.99,115.89,1360100,115.89
Simon Property Group Inc,SPG,Financials,Indianapolis,Indiana,2011-10-13,114.28,114.35,111.83,113.19,1560400,113.19
Simon Property Group Inc,SPG,Financials,Indianapolis,Indiana,2011-10-12,113.62,116.48,112.72,115.23,1993100,115.23
Simon Property Group Inc,SPG,Financials,Indianapolis,Indiana,2011-10-11,113.74,114.49,112.06,112.84,1770800,112.84
Simon Property Group Inc,SPG,Financials,Indianapolis,Indiana,2011-10-10,111.8,114.68,111.5,114.6,2334000,114.6
Simon Property Group Inc,SPG,Financials,Indianapolis,Indiana,2011-10-07,113.14,113.45,109.38,109.5,2540400,109.5
Simon Property Group Inc,SPG,Financials,Indianapolis,Indiana,2011-10-06,109.23,112.72,107.33,112.56,2659000,112.56
Simon Property Group Inc,SPG,Financials,Indianapolis,Indiana,2011-10-05,110.34,110.57,106.14,109.4,3904000,109.4
Simon Property Group Inc,SPG,Financials,Indianapolis,Indiana,2011-10-04,105.09,111.1,103.32,110.79,4675600,110.79
Simon Property Group Inc,SPG,Financials,Indianapolis,Indiana,2011-10-03,109.06,112.2,106.49,106.5,5211600,106.5
Simon Property Group Inc,SPG,Financials,Indianapolis,Indiana,2011-09-30,111.19,113.4,109.94,109.98,3478000,109.98
Simon Property Group Inc,SPG,Financials,Indianapolis,Indiana,2011-09-29,113.28,113.5,110.99,112.58,1942400,112.58
Simon Property Group Inc,SPG,Financials,Indianapolis,Indiana,2011-09-28,113.86,114.59,111.07,111.27,2302200,111.27
Simon Property Group Inc,SPG,Financials,Indianapolis,Indiana,2011-09-27,115.33,116.24,112.85,113.6,2313100,113.6
Simon Property Group Inc,SPG,Financials,Indianapolis,Indiana,2011-09-26,113.03,113.67,111.17,113.5,2522700,113.5
Simon Property Group Inc,SPG,Financials,Indianapolis,Indiana,2011-09-23,109.8,113.43,109.01,112.71,2693000,112.71
Simon Property Group Inc,SPG,Financials,Indianapolis,Indiana,2011-09-22,110.05,112.8,109.28,110.82,4243100,110.82
Simon Property Group Inc,SPG,Financials,Indianapolis,Indiana,2011-09-21,119.91,120.17,112,112.5,3363700,112.5
Simon Property Group Inc,SPG,Financials,Indianapolis,Indiana,2011-09-20,119.41,121.18,118.41,119.58,1817000,119.58
Simon Property Group Inc,SPG,Financials,Indianapolis,Indiana,2011-09-19,118.65,120.04,117.97,118.83,2094800,118.83
Simon Property Group Inc,SPG,Financials,Indianapolis,Indiana,2011-09-16,119.33,120.76,117.53,120.7,2801900,120.7
Simon Property Group Inc,SPG,Financials,Indianapolis,Indiana,2011-09-15,117.38,119.12,116.64,119.08,2516100,119.08
Simon Property Group Inc,SPG,Financials,Indianapolis,Indiana,2011-09-14,117.04,117.31,114.42,116.5,2135400,116.5
Simon Property Group Inc,SPG,Financials,Indianapolis,Indiana,2011-09-13,116.31,116.61,114.3,116.35,2266600,116.35
Simon Property Group Inc,SPG,Financials,Indianapolis,Indiana,2011-09-12,114.06,116.16,113.25,116.06,2205100,116.06
Simon Property Group Inc,SPG,Financials,Indianapolis,Indiana,2011-09-09,117.16,118.17,114.25,115.84,2385900,115.84
Simon Property Group Inc,SPG,Financials,Indianapolis,Indiana,2011-09-08,118.82,119.99,117.64,118.71,1745600,118.71
Simon Property Group Inc,SPG,Financials,Indianapolis,Indiana,2011-09-07,118.2,119.48,116.19,119.38,3038600,119.38
Simon Property Group Inc,SPG,Financials,Indianapolis,Indiana,2011-09-06,111.55,116.96,111.14,116.14,2744500,116.14
Simon Property Group Inc,SPG,Financials,Indianapolis,Indiana,2011-09-02,114.77,116.49,114.28,114.59,2055700,114.59
Simon Property Group Inc,SPG,Financials,Indianapolis,Indiana,2011-09-01,117.87,118.94,116.78,117.46,2510300,117.46
Simon Property Group Inc,SPG,Financials,Indianapolis,Indiana,2011-08-31,116.97,117.97,115.63,117.5,2486300,117.5
Simon Property Group Inc,SPG,Financials,Indianapolis,Indiana,2011-08-30,116.79,117.34,114.79,116.33,2059000,116.33
Simon Property Group Inc,SPG,Financials,Indianapolis,Indiana,2011-08-29,116.67,117.34,115.01,117.22,1940500,117.22
Simon Property Group Inc,SPG,Financials,Indianapolis,Indiana,2011-08-26,112.79,115.39,109.98,115.16,2212500,115.16
Simon Property Group Inc,SPG,Financials,Indianapolis,Indiana,2011-08-25,116.17,117.71,112.05,113.34,2305400,113.34
Simon Property Group Inc,SPG,Financials,Indianapolis,Indiana,2011-08-24,113.28,115.95,112.35,115.45,2194400,115.45
Simon Property Group Inc,SPG,Financials,Indianapolis,Indiana,2011-08-23,110.6,113.7,110,113.66,1756300,113.66
Simon Property Group Inc,SPG,Financials,Indianapolis,Indiana,2011-08-22,112.65,112.65,109.26,110.47,2256600,110.47
Simon Property Group Inc,SPG,Financials,Indianapolis,Indiana,2011-08-19,111.57,113.81,110,110.26,3125400,110.26
Simon Property Group Inc,SPG,Financials,Indianapolis,Indiana,2011-08-18,114.19,115.07,111.37,112.71,4033400,112.71
Simon Property Group Inc,SPG,Financials,Indianapolis,Indiana,2011-08-17,118.06,118.88,116.64,117.58,2256500,117.58
Simon Property Group Inc,SPG,Financials,Indianapolis,Indiana,2011-08-16,114.02,117.81,113.13,117.25,3155400,117.25
Simon Property Group Inc,SPG,Financials,Indianapolis,Indiana,2011-08-15,114.73,116.11,113.98,116.03,2409100,116.03
Simon Property Group Inc,SPG,Financials,Indianapolis,Indiana,2011-08-12,115.2,117,113.28,114.26,2042200,113.46
Simon Property Group Inc,SPG,Financials,Indianapolis,Indiana,2011-08-11,108.19,116.58,107.96,114.53,4614600,113.73
Simon Property Group Inc,SPG,Financials,Indianapolis,Indiana,2011-08-10,107.98,113.05,106.82,107.89,4823400,107.13
Simon Property Group Inc,SPG,Financials,Indianapolis,Indiana,2011-08-09,101.22,111.23,99.97,111.08,6097600,110.3
Simon Property Group Inc,SPG,Financials,Indianapolis,Indiana,2011-08-05,112.31,112.34,106.88,108.84,3377900,108.08
Simon Property Group Inc,SPG,Financials,Indianapolis,Indiana,2011-08-04,114.01,114.53,110.67,110.9,3267100,110.12
Simon Property Group Inc,SPG,Financials,Indianapolis,Indiana,2011-08-03,115.72,115.97,112.29,115.41,1909200,114.6
Simon Property Group Inc,SPG,Financials,Indianapolis,Indiana,2011-08-02,118.89,119.58,115.78,115.79,2395200,114.98
Simon Property Group Inc,SPG,Financials,Indianapolis,Indiana,2011-08-01,121.82,122.67,118.66,119.74,2337100,118.9
Union Pacific,UNP,Industrials,Omaha,Nebraska,2011-10-28,102.05,102.96,101.52,102.02,3115600,102.02
Union Pacific,UNP,Industrials,Omaha,Nebraska,2011-10-27,100.07,103.8,99.87,102.63,5176200,102.63
Union Pacific,UNP,Industrials,Omaha,Nebraska,2011-08-01,103.47,103.62,99.7,101.31,3915700,100.77
V.F. Corp.,VFC,Consumer Discretionary,Greensboro,North Carolina,2011-10-04,117.26,123.67,115.91,123.63,1509100,123.63
V.F. Corp.,VFC,Consumer Discretionary,Greensboro,North Carolina,2011-10-03,120.36,124.24,117.62,118.22,1187400,118.22
V.F. Corp.,VFC,Consumer Discretionary,Greensboro,North Carolina,2011-09-30,123.72,126.18,121.52,121.52,1163100,121.52
V.F. Corp.,VFC,Consumer Discretionary,Greensboro,North Carolina,2011-09-22,117.65,120.58,116.89,118.77,978200,118.77
V.F. Corp.,VFC,Consumer Discretionary,Greensboro,North Carolina,2011-09-21,125.99,127.05,120.87,120.98,877200,120.98
V.F. Corp.,VFC,Consumer Discretionary,Greensboro,North Carolina,2011-09-16,124.43,125.62,123.28,124.68,1289100,124.68
V.F. Corp.,VFC,Consumer Discretionary,Greensboro,North Carolina,2011-09-15,123.14,125.25,121.87,124.18,1366100,124.18
V.F. Corp.,VFC,Consumer Discretionary,Greensboro,North Carolina,2011-09-14,119.57,123.85,118.37,122.35,1227200,122.35
V.F. Corp.,VFC,Consumer Discretionary,Greensboro,North Carolina,2011-09-13,115.93,119.56,115.11,119.14,991700,119.14
V.F. Corp.,VFC,Consumer Discretionary,Greensboro,North Carolina,2011-09-12,111.31,115.38,111.12,115.23,750400,115.23
V.F. Corp.,VFC,Consumer Discretionary,Greensboro,North Carolina,2011-09-09,114.64,116.75,112.14,113.4,1063300,113.4
V.F. Corp.,VFC,Consumer Discretionary,Greensboro,North Carolina,2011-09-08,115.84,119.94,115.24,116.6,1995500,116.6
V.F. Corp.,VFC,Consumer Discretionary,Greensboro,North Carolina,2011-09-07,113.79,116.32,112.5,116.27,866700,116.27
V.F. Corp.,VFC,Consumer Discretionary,Greensboro,North Carolina,2011-09-06,110.31,112.46,107.57,112.29,898500,111.66
V.F. Corp.,VFC,Consumer Discretionary,Greensboro,North Carolina,2011-09-02,113.43,113.95,111.96,112.55,778900,111.92
V.F. Corp.,VFC,Consumer Discretionary,Greensboro,North Carolina,2011-09-01,117.45,118.76,115.26,115.58,1023800,114.93
V.F. Corp.,VFC,Consumer Discretionary,Greensboro,North Carolina,2011-08-31,118,119.81,116.19,117.06,1011900,116.4
V.F. Corp.,VFC,Consumer Discretionary,Greensboro,North Carolina,2011-08-30,116.96,117.87,115.84,117.12,1046900,116.46
V.F. Corp.,VFC,Consumer Discretionary,Greensboro,North Carolina,2011-08-29,114.09,117,112.96,116.85,1106300,116.19
V.F. Corp.,VFC,Consumer Discretionary,Greensboro,North Carolina,2011-08-26,110.12,114.14,108.33,114.07,822100,113.43
V.F. Corp.,VFC,Consumer Discretionary,Greensboro,North Carolina,2011-08-25,113.68,114.17,110.08,110.61,727000,109.99
V.F. Corp.,VFC,Consumer Discretionary,Greensboro,North Carolina,2011-08-24,111.1,113.53,110.52,113.46,1037600,112.82
V.F. Corp.,VFC,Consumer Discretionary,Greensboro,North Carolina,2011-08-23,106.51,111.59,105.4,111.59,1051200,110.96
V.F. Corp.,VFC,Consumer Discretionary,Greensboro,North Carolina,2011-08-22,105.95,106.92,104.36,105.41,1121900,104.82
V.F. Corp.,VFC,Consumer Discretionary,Greensboro,North Carolina,2011-08-19,104.02,108.51,104.02,104.21,1429500,103.63
V.F. Corp.,VFC,Consumer Discretionary,Greensboro,North Carolina,2011-08-18,107.66,107.66,104.31,106.03,1255400,105.44
V.F. Corp.,VFC,Consumer Discretionary,Greensboro,North Carolina,2011-08-17,112.1,113.6,109.36,110.71,911600,110.09
V.F. Corp.,VFC,Consumer Discretionary,Greensboro,North Carolina,2011-08-16,112.89,112.94,111.23,112.19,745800,111.56
V.F. Corp.,VFC,Consumer Discretionary,Greensboro,North Carolina,2011-08-15,111.7,113.43,110.43,113.35,858000,112.71
V.F. Corp.,VFC,Consumer Discretionary,Greensboro,North Carolina,2011-08-12,109.59,112.03,108.86,111.15,759500,110.53
V.F. Corp.,VFC,Consumer Discretionary,Greensboro,North Carolina,2011-08-11,105.47,110.75,103.75,109.24,1581300,108.63
V.F. Corp.,VFC,Consumer Discretionary,Greensboro,North Carolina,2011-08-10,107.48,108.99,103.97,104.2,1494400,103.62
V.F. Corp.,VFC,Consumer Discretionary,Greensboro,North Carolina,2011-08-09,105.39,109.37,101.74,109.15,1702600,108.54
V.F. Corp.,VFC,Consumer Discretionary,Greensboro,North Carolina,2011-08-08,108.26,110.39,102.72,103.88,1343800,103.3
V.F. Corp.,VFC,Consumer Discretionary,Greensboro,North Carolina,2011-08-05,110.68,112.04,107.13,111.37,1352900,110.75
V.F. Corp.,VFC,Consumer Discretionary,Greensboro,North Carolina,2011-08-04,112.98,113.51,109.04,109.12,1387900,108.51
V.F. Corp.,VFC,Consumer Discretionary,Greensboro,North Carolina,2011-08-03,112.79,114.75,110.39,114.59,1003400,113.95
V.F. Corp.,VFC,Consumer Discretionary,Greensboro,North Carolina,2011-08-02,115.5,116.87,112.63,112.7,821300,112.07
V.F. Corp.,VFC,Consumer Discretionary,Greensboro,North Carolina,2011-08-01,117.96,118,114.88,116.63,918100,115.98
Wynn Resorts Ltd,WYNN,Consumer Discretionary,Las Vegas,Nevada,2011-10-25,126.75,128,123,123.18,2756000,123.18
Wynn Resorts Ltd,WYNN,Consumer Discretionary,Las Vegas,Nevada,2011-10-21,124.6,125.55,117.37,120.4,5659100,120.4
Wynn Resorts Ltd,WYNN,Consumer Discretionary,Las Vegas,Nevada,2011-10-20,124.09,125.4,119.6,123.37,6757200,123.37
Wynn Resorts Ltd,WYNN,Consumer Discretionary,Las Vegas,Nevada,2011-10-05,117.25,120.3,115.05,119.94,4008400,119.94
Wynn Resorts Ltd,WYNN,Consumer Discretionary,Las Vegas,Nevada,2011-10-04,112.06,119,108.42,118.75,6166400,118.75
Wynn Resorts Ltd,WYNN,Consumer Discretionary,Las Vegas,Nevada,2011-10-03,111.86,115.35,107.78,110.67,6039600,110.67
Wynn Resorts Ltd,WYNN,Consumer Discretionary,Las Vegas,Nevada,2011-09-30,121.76,124.75,111.71,115.08,9434800,115.08
