Listings,Price,Room Type,Reviews,Location
FAB BKLYN ROOM&BATH&OWN ENTRANCE,110,Private room,5,"Fort Greene, Brooklyn"
Central Wburg Plant-Filled 1BR,200,Entire home/apt,7,"Williamsburg, Brooklyn"
Best Location: Every Subway Here!,69,Private room,6,"Park Slope, Brooklyn"
Sun-filled room in Boerum Hill,75,Private room,1,"Boerum Hill, Brooklyn"
"Delightful,Private,Brooklyn studio",90,Private room,1,"Bedford-Stuyvesant, Brooklyn"
Beautiful Cozy One Bedroom in Dumbo,150,Entire home/apt,7,"DUMBO, Brooklyn"
Best Private Room in Williamsburg!,99,Private room,2,"Williamsburg, Brooklyn"
Spacious room in Brooklyn.,75,Private room,1,"Crown Heights, Brooklyn"
Best Bedroom with Private Bathroom,99,Private room,2,"Williamsburg, Brooklyn"
STUDIO APT SIZE ROOM /OWN BATHROOM,90,Private room,1,"Bedford-Stuyvesant, Brooklyn"
Bright & Happy Room on L Train,49,Private room,1,"Bushwick, Brooklyn"
3br in Neo-French Reniassance Home,174,Entire home/apt,2,"Lefferts Garden, Brooklyn"
"Cheap, Cheerful AND Super Cozy !!!!",45,Private room,5,"Crown Heights, Brooklyn"
Quiet bedroom near Prospect Park,65,Private room,6,"Crown Heights, Brooklyn"
Sunny & modern  1bd/1ba home,140,Entire home/apt,1,"Clinton Hill, Brooklyn"
Spacious Private Bedroom & Living,99,Private room,1,"Park Slope, Brooklyn"
The Black and White Loft,68,Private room,7,"Williamsburg, Brooklyn"
Spacious Brooklyn private bed/bath,120,Private room,9,"Boerum Hill, Brooklyn"
Spacious 2 BR apartment in Bed-Stuy,149,Entire home/apt,1,"Bedford-Stuyvesant, Brooklyn"
Prospect Park. Bikes. Garden.Trendy,65,Private room,1,"Flatbush, Brooklyn"
Park Slope-Private Room/Bath/Entry,125,Private room,9,"Park Slope, Brooklyn"
Cozy bedroom in BK apt,75,Private room,1,"Prospect Heights, Brooklyn"
MODERN WILLIAMSBURG PENTHOUSE,200,Entire home/apt,O,"Williamsburg, Brooklyn"
Gorgeous studio in Brooklyn Heights,129,Entire home/apt,1,"Brooklyn Heights, Brooklyn"
1 br on Waterfront with Bridge View,170,Entire home/apt,3,"Williamsburg, Brooklyn"
Luxury Modern Loft,201,Entire home/apt,9,"Williamsburg, Brooklyn"
The Library Loft- The Art Room,47,Private room,1,"Williamsburg, Brooklyn"
The Geometric Loft,50,Private room,2,"Williamsburg, Brooklyn"
Spacious & Sunny in Prime Brooklyn,150,Entire home/apt,2,"Clinton Hill, Brooklyn"
Spacious Room in Bushwick!,55,Private room,1,"Bushwick, Queens"
Private BR + BR in modern Brkln apt,128,Private room,1,"Prospect Heights, Brooklyn"
Cozy Williamsburg 20 min Manhattan!,99,Private room,1,"Williamsburg, Brooklyn"
Bright and Quiet 2 BR in Park Slope,160,Entire home/apt,5,"Park Slope, Brooklyn"
Private Master Suite in Park Slope,115,Private room,1,"Park Slope, Brooklyn"
Peaceful Parlor Floor Apartment,120,Entire home/apt,7,"Clinton Hill, Brooklyn"
Best Location Bright Apt- Bedford L,140,Entire home/apt,1,"Williamsburg, Brooklyn"
Garden Apt / Fort Greene Brownstone,235,Entire home/apt,7,"Fort Greene, Brooklyn"
The Institute—Heart of Williamsburg,250,Entire home/apt,1,"Williamsburg, Brooklyn"
Sunny 1BR with Terrace/City Views,169,Entire home/apt,7,"Williamsburg, Brooklyn"
"Williamsburg SkyBox, Manhattan View",89,Private room,9,"Williamsburg, Brooklyn"
PrivateRoom in Beautiful Brownstone,50,Private room,1,"Bedford-Stuyvesant, Brooklyn"
Best Location in Prospect Heights!,110,Entire home/apt,2,"Prospect Heights, Brooklyn"
"The Artsy, Cozy, Bushwick Railroad",50,Private room,1,"Bushwick, Brooklyn"
3BR/2BA Duplex - 1min to subway!,249,Entire home/apt,1,"Bedford-Stuyvesant, Brooklyn"
Beautiful + Sunny Fort Greene 1BR,139,Entire home/apt,3,"Clinton Hill, Brooklyn"
Cozy 1 Bedroom in Brooklyn Heights,165,Entire home/apt,O,"Brooklyn Heights, Brooklyn"
Northside Williamsburg Brooklyn Sm,59,Private room,1,"Williamsburg, Brooklyn"
Bunk in Brooklyn 3,25,Shared room,3,"Crown Heights, Brooklyn"
Minutes to Manhattan. Private Bath!,130,Private room,1,"Clinton Hill, Brooklyn"
Spacious Williamsburg Loft @Bedford,89,Private room,3,"Williamsburg, Brooklyn"
2 rooms; private entrance & bath!,65,Private room,5,"Bushwick, Brooklyn"
XL Fort Greene Garden Apt,109,Private room,1,"Fort Greene, Brooklyn"
DUPLEX Williamsburg near subway,180,Entire home/apt,3,"Williamsburg, Brooklyn"
Brooklyn Garden Apartment!,99,Private room,2,"Boerum Hill, Brooklyn"
Mod Bushwick Escape by the L Train,50,Private room,2,"Bushwick, Brooklyn"
Lovely Bedroom In Designer's Home,98,Private room,2,"Bedford-Stuyvesant, Brooklyn"
Stay in super cool williamsburg! :),85,Private room,5,"Williamsburg, Brooklyn"
Cozy Room in Williamsburg,85,Private room,1,"Williamsburg, Brooklyn"
New York City room for rent!,39,Private room,7,"Bushwick, Brooklyn"
Private brownstone studio Brooklyn,160,Entire home/apt,4,"Park Slope, Brooklyn"
Master Bed Bushwick Vacation NYC,55,Private room,4,"Bushwick, Brooklyn"
"Convenient, Renovated 2 Bedroom",175,Entire home/apt,4,"Carroll Gardens, Brooklyn"
Beautiful room! Heart of Wburg BK!,85,Private room,5,"Williamsburg, Brooklyn"
"Heart of Williamsburg, Best Price!",59,Private room,5,"Williamsburg, Brooklyn"
Lovely Spacious Private Room,85,Private room,2,"Flatbush, Brooklyn"
Large Williamsburg Loft Apartment,200,Entire home/apt,3,"Williamsburg, Brooklyn"
South Slope Private Basement Studio,80,Private room,1,"Park Slope, Brooklyn"
Private room25 min from time square,39,Private room,3,"Bushwick, Brooklyn"
Sunny 1BR with patio near park,185,Entire home/apt,3,"Greenpoint, Brooklyn"
Quirky Duplex - Historic Park Slope,75,Private room,4,"Park Slope, Brooklyn"
Williamsburg Luxury—Steps To Subway,85,Private room,1,"Williamsburg, Brooklyn"
Private Custom Studio w/ Spa Shower,59,Entire home/apt,1,"Lefferts Garden, Brooklyn"
Sunny Room/private bath/ Brownstone,99,Private room,3,"Park Slope, Brooklyn"
Luxe Private 1BR in Spacious Duplex,65,Private room,1,"Bushwick, Brooklyn"
Charming Studio in Greenpoint BK,85,Entire home/apt,3,"Greenpoint, Brooklyn"
Bright bedroom w/private bathroom,90,Private room,1,"Prospect Heights, Brooklyn"
2 Bedroom Modern Duplex Apartment,300,Entire home/apt,1,"Clinton Hill, Brooklyn"
2 story family home in Williamsburg,285,Entire home/apt,1,"Williamsburg, Brooklyn"
"Big WBurg Rm, 5 min from L, Fits 4!",80,Private room,9,"Williamsburg, Brooklyn"
"Colorful, quiet, & near the subway!",90,Private room,5,"Boerum Hill, Brooklyn"
700 SqFt Luxe Loft Floor + Kitchen,115,Private room,3,"Prospect Heights, Brooklyn"
Private entrance/bath in luxury apt,95,Private room,1,"Williamsburg, Brooklyn"
Rm Available in Central Ft Greene,75,Private room,1,"Fort Greene, Brooklyn"
Stunning! Williamsburg Dream Room.,110,Private room,5,"Williamsburg, Brooklyn"
Ditmas Park Carriage House Loft,225,Entire home/apt,1,"Flatbush, Brooklyn"
Charming Garden Room with Queen Bed,58,Private room,1,"Bushwick, Brooklyn"
Beautiful Modern Apt in Brooklyn,195,Entire home/apt,2,"Crown Heights, Brooklyn"
THE Apartment by Prospect Park!,75,Entire home/apt,1,"Lefferts Garden, Brooklyn"
Luminous 2BR in Park Slope NYC,189,Entire home/apt,1,"Park Slope, Brooklyn"
Clean Private Room (in Brooklyn),62,Private room,7,"Greenpoint, Brooklyn"
Prime Williamsburg Loft off Bedford,129,Private room,5,"Williamsburg, Brooklyn"
Modern Bedroom in Williamsburg Loft,89,Private room,4,"Williamsburg, Brooklyn"
"Great Room, Great Hosts, Great Hood",40,Private room,3,"Bushwick, Brooklyn"
Prime Park Slope Quiet BR w Kitchen,100,Entire home/apt,5,"Park Slope, Brooklyn"
Directly Across from Prospect Park!,49,Private room,6,Brooklyn
Large room in two-story Brownstone,75,Private room,2,"Prospect Heights, Brooklyn"
HUGE room/ Williamsburg Waterfront!,109,Private room,6,"Williamsburg, Brooklyn"
4 bedroom apartment,349,Entire home/apt,6,"Prospect Heights, Brooklyn"
Bright  1BR Near 7th Ave F Train!,135,Entire home/apt,2,"Park Slope, Brooklyn"
Cozy Comfy Room nr JMZ Subway,55,Private room,2,"Bedford-Stuyvesant, Brooklyn"
Beautiful Private Room with Bath,65,Private room,5,"Bedford-Stuyvesant, Brooklyn"
The Vernon On Greene,179,Entire home/apt,1,"Bedford-Stuyvesant, Brooklyn"
Lovely Bedrooms in Artist's Home,94,Private room,6,"Clinton Hill, Brooklyn"
Cozy Carroll Gardens Brownstone Apt,175,Entire home/apt,4,"Carroll Gardens, Brooklyn"
Sunny Spacious Williamsburg Apt!,135,Entire home/apt,1,"Williamsburg, Brooklyn"
Cozy Bedroom in Cute BK Apartment!,65,Private room,1,"Bedford-Stuyvesant, Brooklyn"
Park Slope Green Guest House,135,Entire home/apt,2,"Park Slope, Brooklyn"
Specious room in Brooklyn!!,75,Private room,7,"Crown Heights, Brooklyn"
Big BR in W'Burg - pvt terrace/view,99,Private room,3,"Williamsburg, Brooklyn"
Cute Williamsburg Room w/ LOFT BED,69,Private room,1,"Williamsburg, Brooklyn"
Sweet Room in East Williamsburg,75,Private room,2,"Williamsburg, Brooklyn"
"Steps From Art, Shopping & Eats",150,Entire home/apt,1,"Prospect Heights, Brooklyn"
Lovely 1BD in Williamsburg,175,Entire home/apt,3,"Williamsburg, Brooklyn"
Studio in Fort Greene/Clinton Hill,145,Entire home/apt,6,"Clinton Hill, Brooklyn"
Williamsburg 1st stop 3 bedroom,210,Entire home/apt,6,"Williamsburg, Brooklyn"
Lively loft!,49,Private room,7,"Williamsburg, Brooklyn"
SUNNY WILLIAMSBURG ARTIST LOFT,189,Entire home/apt,6,"Williamsburg, Brooklyn"
Brooklyn Apt. with Private Garden,100,Entire home/apt,2,"Clinton Hill, Brooklyn"
Private Rm in Beautiful Brownstone,55,Private room,9,"Bushwick, Brooklyn"
Cobble Hill - room in artist loft,95,Private room,8,"Cobble Hill, Brooklyn"
Bedroom in the heart of Williamburg,105,Private room,1,"Williamsburg, Brooklyn"
Private Room/Bathroom in Brooklyn,75,Private room,1,"Crown Heights, Brooklyn"
Homey Townhouse + PRIVATE Bathroom,120,Private room,1,"Boerum Hill, Brooklyn"
Two Bedrooms with Private Rooftop,225,Entire home/apt,6,"Williamsburg, Brooklyn"
BROOKLYN VICTORIAN STYLE SUITE.....,100,Private room,1,"Fort Greene, Brooklyn"
Stylish 2 BR || Luxury for Less,150,Entire home/apt,O,"Bedford-Stuyvesant, Brooklyn"
Heart of W-burg Quiet 1 Bedroom,120,Entire home/apt,3,"Williamsburg, Brooklyn"
Cozy Private Bedroom,70,Private room,O,"Crown Heights, Brooklyn"
"Charming, Airy 2 Bedroom Brownstone",110,Entire home/apt,2,"Bedford-Stuyvesant, Brooklyn"
"Comfortable, Lovely Room on L Train",49,Private room,1,"Bushwick, Brooklyn"
Romantic loft heart of Brooklyn,120,Entire home/apt,2,"Bedford-Stuyvesant, Brooklyn"
Sunny Loft in Brooklyn by River,275,Entire home/apt,6,"Williamsburg, Brooklyn"
Gorgeous 1 bedroom apartment,130,Entire home/apt,1,"Bedford-Stuyvesant, Brooklyn"
Mayor's Mansion - Garden Suite,125,Private room,5,"Fort Greene, Brooklyn"
Stunning 1500 Sq Ft Designer Loft,225,Entire home/apt,4,"Williamsburg, Brooklyn"
Cozy Room in Rustic Bushwick Loft,65,Private room,1,"Bushwick, Brooklyn"
Cozy Bedroom in Williamsburg 2 BR,80,Private room,7,"Williamsburg, Brooklyn"
Spacious Heart of Ft. Greene Studio,100,Entire home/apt,3,"Fort Greene, Brooklyn"
Quiet private room in Gorgeous Apt,65,Private room,5,"Bushwick, Brooklyn"
Williamsburg Luxury,235,Entire home/apt,6,"Williamsburg, Brooklyn"
Williamsburg Penthouse For A Cause,100,Private room,1,"Williamsburg, Brooklyn"
Serene Park Slope Garden Apartment,170,Entire home/apt,2,"Park Slope, Brooklyn"
Sunny+Cozy Double bedroom in BKLYN!,58,Private room,8,"East Flatbush, Brooklyn"
Cozy room in Brooklyn brownstone,65,Private room,3,"Crown Heights, Brooklyn"
BED & BATHROOM in BROOKLYN,70,Private room,2,"Bedford-Stuyvesant, Brooklyn"
Elegant LG ParkSlope 2bd Brownstone,160,Entire home/apt,1,"Park Slope, Brooklyn"
Private Room in WILLIAMSBURG,90,Private room,1,"Williamsburg, Brooklyn"
BUDGET ROOM 15 MINUTES TO MANHATTAN,59,Private room,1,"Bushwick, Brooklyn"
Beautiful communal house Bushwick,60,Private room,7,"Bushwick, Brooklyn"
Private 1BR @ Spacious Sunny Duplex,65,Private room,9,"Bushwick, Brooklyn"
Sunny Room in Classic Artist's Loft,85,Private room,4,"Greenpoint, Brooklyn"
Sun filled 2BR in BedStuy Townhouse,110,Entire home/apt,4,"Bedford-Stuyvesant, Brooklyn"
Private Room in Williamsburg Loft,115,Private room,5,"Williamsburg, Brooklyn"
Skylight BR in Gorgeous Rooftop Apt,89,Private room,8,"Bushwick, Brooklyn"
Experience NYC For $26 Per Night!,26,Shared room,4,"Bedford-Stuyvesant, Brooklyn"
Gorgeous Modern 1BD in Heart of BK,150,Entire home/apt,4,"Williamsburg, Brooklyn"
Room in Brownstone by Prospect Park,135,Private room,4,"Park Slope, Brooklyn"
Your Prospect Heights Garden Oasis!,175,Entire home/apt,3,"Prospect Heights, Brooklyn"
Pretty and Private in Clinton Hill,100,Private room,7,"Clinton Hill, Brooklyn"
Sunny Private Williamsburg room,100,Private room,1,"Williamsburg, Brooklyn"
Rare Williamsburg Penthouse Retreat,105,Private room,3,"Williamsburg, Brooklyn"
PRIVATE and SUNNY Williamsburg Apt!,139,Entire home/apt,1,"Williamsburg, Brooklyn"
COMFY ROOM #1 ~ AMAZING LOCATION!,89,Private room,7,"Williamsburg, Brooklyn"
Beautiful room attached to bathroom,78,Private room,3,"Greenpoint, Brooklyn"
Sun-drenched 1 Bedroom on the Park,129,Entire home/apt,2,"Greenpoint, Brooklyn"
Boerum Hill Apartment,145,Entire home/apt,2,"Boerum Hill, Brooklyn"
rm + bath steps from park and train,120,Private room,7,"Lefferts Garden, Brooklyn"
Waterbury House East Williamsburg 2,105,Private room,6,"Williamsburg, Brooklyn"
PERFECT room in prime Williamsburg!,84,Private room,3,"Williamsburg, Brooklyn"
Beautiful Brooklyn with garden!,140,Entire home/apt,6,"Crown Heights, Brooklyn"
Room in Charming Brooklyn Home,100,Private room,2,"Boerum Hill, Brooklyn"
Lovely Private Room in Brownstone,80,Private room,2,"Crown Heights, Brooklyn"
"Single room, City in 15! Great spot",50,Private room,1,"Bedford-Stuyvesant, Brooklyn"
+++ Brooklyn Lodge & Rooftop  +++,110,Private room,1,"Williamsburg, Brooklyn"
NYC gorgeous private room and bath,72,Private room,8,"Bedford-Stuyvesant, Brooklyn"
Park Slope Tree Top Quiet Apartment,250,Entire home/apt,2,"Park Slope, Brooklyn"
Sunny 2bdrm Park Slope artist's apt,145,Entire home/apt,1,"Park Slope, Brooklyn"
Central Williamsburg Fab Large Room,70,Private room,8,"Williamsburg, Brooklyn"
Sunny Room in the Heart of it All!,98,Private room,5,"Williamsburg, Brooklyn"
Brooklyn Artist loft off Bedford,60,Private room,6,"Williamsburg, Brooklyn"
Cozy Room in Greenpoint Brooklyn,60,Private room,3,"Greenpoint, Brooklyn"
"Sunny, calm room in Victorian home",79,Private room,6,"Bedford-Stuyvesant, Brooklyn"
Cozy Room in Charming Brownstone,60,Private room,1,"Sunset Park, Brooklyn"
Charming Room Private Entry Wburg,80,Private room,3,"Williamsburg, Brooklyn"
Park Slope Brooklyn!  Sunny Bedroom,115,Private room,1,"Park Slope, Brooklyn"
A Breathtaking Brooklyn Experience!,89,Private room,1,"Fort Greene, Brooklyn"
Charming Boerum Hill - Private Deck,85,Private room,8,"Boerum Hill, Brooklyn"
"Modern, spacious Brkln brownstone",285,Entire home/apt,4,"Prospect Heights, Brooklyn"
Huge Williamsburg Loft by L train,99,Private room,6,"Williamsburg, Brooklyn"
cozy brooklyn nest in Park Slope!,150,Entire home/apt,2,"Park Slope, Brooklyn"
Sunny Central Williamsburg Apt,140,Entire home/apt,1,"Williamsburg, Brooklyn"
"3 Bedroom- Bright,  Airy,  Private",110,Entire home/apt,6,"Bedford-Stuyvesant, Brooklyn"
"large bdroom, priv bth, priv living",85,Private room,3,"Bedford-Stuyvesant, Brooklyn"
Sunny Studio on Prospect Park,100,Entire home/apt,5,"Prospect Heights, Brooklyn"
Brooklyn Artist Loft (Large Room),44,Private room,1,"Williamsburg, Brooklyn"
"""The Country"" & the NYC Waterfront!",160,Entire home/apt,9,"Williamsburg, Brooklyn"
BnoB (2 br) — Heart of Williamsburg,250,Entire home/apt,1,"Williamsburg, Brooklyn"
large garden triplex apt near PRATT,225,Entire home/apt,3,"Clinton Hill, Brooklyn"
Private Room In a Modern HUGE Loft,99,Private room,3,"Williamsburg, Brooklyn"
Great Loft - Private Room & Bath,110,Private room,6,"Windsor Terrace, Brooklyn"
"NYC, Modern & Comfortable. THE ONE",199,Entire home/apt,5,"Williamsburg, Brooklyn"
Brooklyn Garden Apartment,99,Entire home/apt,1,"Bedford-Stuyvesant, Brooklyn"
Best Room in Bushwick,45,Private room,1,"Bushwick, Brooklyn"
Greenpoint small studio,90,Private room,2,"Greenpoint, Brooklyn"
New City View Studio - Williamsburg,150,Entire home/apt,2,"Williamsburg, Brooklyn"
2nd Fl Bklyn Brownstone Apt!,100,Entire home/apt,3,"Lefferts Garden, Brooklyn"
Amazing Apt! Private Rooftop Space!,225,Entire home/apt,5,"Williamsburg, Brooklyn"
Mayor's Mansion - Garden_Suite,100,Private room,1,"Fort Greene, Brooklyn"
A bedroom with a sunroom!,145,Entire home/apt,9,"Fort Greene, Brooklyn"
COMFY ROOM #3 ~ AMAZING LOCATION!,79,Private room,7,"Williamsburg, Brooklyn"
"park slope, prime area location",150,Entire home/apt,2,"Park Slope, Brooklyn"
Sunny Master Bedroom on L Train,60,Private room,3,"Bushwick, Brooklyn"
Urban Jungle Garden Duplex,150,Entire home/apt,1,"Bedford-Stuyvesant, Brooklyn"
New studio APT with marble floors!,68,Entire home/apt,6,"Bushwick, Brooklyn"
Brand new condo near Prospect Park,98,Private room,2,"Lefferts Garden, Brooklyn"
"Stunning new room WILLIAMSBURG, NY",89,Private room,7,"Williamsburg, Brooklyn"
Beautiful Apt. in Prospect Heights,125,Entire home/apt,6,"Crown Heights, Brooklyn"
Minutes To Manhattan!!,160,Entire home/apt,1,"Bushwick, Brooklyn"
"Classic Brownstone Beauty, Sleeps 4",198,Entire home/apt,5,"Crown Heights, Brooklyn"
Amazing Private Bedroom in Bushwick,62,Private room,3,"Bedford-Stuyvesant, Brooklyn"
carriage house apartment,150,Entire home/apt,8,"Clinton Hill, Brooklyn"
Cozy Room in the heart Williamsburg,100,Private room,4,"Williamsburg, Brooklyn"
Charming studio apartment!,120,Entire home/apt,3,"Fort Greene, Brooklyn"
Sunny 2BR PRIME Williamsburg w/VIEW,200,Entire home/apt,2,"Williamsburg, Williamsburg, Brooklyn"
Luxury Private Bed nr C/3 Subways,66,Private room,5,"Crown Heights, Brooklyn"
Bright+Spacious Williamsburg Abode!,99,Entire home/apt,4,"Williamsburg, Brooklyn"
Modern One bedroom in Williamsburg,260,Entire home/apt,1,"Greenpoint, Brooklyn"
Big Gorgeous Room in Williamsburg!,68,Private room,1,"Williamsburg, Brooklyn"
"Great location, cozy, near F, G, R!",140,Entire home/apt,9,"Park Slope, Brooklyn"
Large Bedroom 15 Min From Manhattan,45,Private room,5,"Sunset Park, Brooklyn"
"The M, a Charming Garden Apartment",110,Entire home/apt,3,"Bedford-Stuyvesant, Brooklyn"
"Peace room, private bath, breakfast",80,Private room,2,"Bedford-Stuyvesant, Brooklyn"
"1Bedroom, Seconds from L train",81,Private room,2,"Bushwick, Brooklyn"
Sunny Williamsburg Penthouse,119,Private room,6,"Williamsburg, Brooklyn"
"Big Sunny Room, Prime Williamsburg",99,Private room,3,"Williamsburg, Brooklyn"
Sunny Bedroom in Williamsburg,95,Private room,4,"Williamsburg, Brooklyn"
"Big 2 bdrm in DUMBO, Brooklyn, NY",195,Entire home/apt,2,"DUMBO, Brooklyn"
Private room in north Park Slope,90,Private room,3,"Park Slope, Brooklyn"
Open Design Williamsburg Loft,269,Entire home/apt,5,"Williamsburg, Brooklyn"
Brooklyn Budget Williamsburg NYC 3,50,Private room,8,"Williamsburg, Brooklyn"
Sunny room in modern apartment,69,Private room,1,"Crown Heights, Brooklyn"
Cozy Studio on Beautiful Block,100,Entire home/apt,8,"Prospect Heights, Brooklyn"
Brand new 2 bedroom apartment,130,Entire home/apt,1,"Bedford-Stuyvesant, Brooklyn"
Loft Studio in Brooklyn Brownstone,129,Entire home/apt,4,"Clinton Hill, Brooklyn"
Sunfilled Skylit Townhouse 3BD,190,Entire home/apt,7,"Clinton Hill, Brooklyn"
Lovely Room in Williamsburg Loft,105,Private room,2,"Williamsburg, Brooklyn"
Beautiful Room w/ Rooftop Patio!,100,Private room,1,"Williamsburg, Brooklyn"
Nice & bright room in Bushwick,35,Private room,1,"Bushwick, Brooklyn"
Best View of Mnhtn in Crown Heights,85,Private room,7,"Crown Heights, Brooklyn"
Beautiful room off Bedford ave.,65,Private room,5,"Williamsburg, Brooklyn"
Queen Bed with Private Bathroom,60,Private room,3,"Williamsburg, Brooklyn"
IDEALLY LOCATED - WHOLE APARTMENT,130,Entire home/apt,4,"Boerum Hill, Brooklyn"
Brooklyn Design Loft,100,Private room,1,"Williamsburg, Brooklyn"
Beautiful Park Slope Apartment,110,Entire home/apt,1,"Park Slope, Brooklyn"
The Garden Apartment,150,Entire home/apt,6,"Park Slope, Brooklyn"
Perfect room at Perfect location,60,Private room,1,"Flatbush, Brooklyn"
Sunny Industrial Loft in Brooklyn,175,Entire home/apt,2,"Greenpoint, Brooklyn"
Gorgeous 2BR Apt in Brownstone,225,Entire home/apt,8,"Clinton Hill, Brooklyn"
Spacious Williamsburg/Bushwick loft,72,Private room,8,"Bedford-Stuyvesant, Brooklyn"
Gorgeous duplex 1 BR Brownstone apt,150,Entire home/apt,2,"Clinton Hill, Brooklyn"
Sunny Room 1/2 Block from L Train!,55,Private room,5,"Bushwick, Brooklyn"
Private Garden Apt • New Renovation,140,Entire home/apt,3,"Williamsburg, Brooklyn"
Charming Park Slope Apt W/Garden,165,Entire home/apt,2,"Park Slope, Brooklyn"
Centrally Located Ft. Greene Apt!,175,Entire home/apt,1,"Fort Greene, Brooklyn"
Sunny Private Room in Williamsburg,80,Private room,5,"Williamsburg, Brooklyn"
"Cozy room, great view of Manhattan",95,Private room,4,"Clinton Hill, Brooklyn"
Luxury Landmark Converted Stable,600,Entire home/apt,1,"Clinton Hill, Brooklyn"
Williamsburg apartment with terrace,175,Entire home/apt,7,"Williamsburg, Brooklyn"
Private Studio in Greenpoint,140,Entire home/apt,7,"Greenpoint, Brooklyn"
House on 11th - Garden Level Apt.,165,Entire home/apt,1,"Gowanus, Brooklyn"
Private Bedroom & Bathroom W/ Yard,65,Private room,3,"Bushwick, Brooklyn"
Beautiful Williamsburg Bedford Gem!,188,Entire home/apt,1,"Williamsburg, Brooklyn"
Sunny 1 or 2 BR apt in Boerum Hill,179,Entire home/apt,7,"Boerum Hill, Brooklyn"
Williamsburg Penthouse Guestroom,75,Private room,1,"Williamsburg, Brooklyn"
Park Slope private room by subway,85,Private room,2,"Park Slope, Brooklyn"
Lrg 2 bdrm 1st stop L Williamsburg,180,Entire home/apt,4,"Williamsburg, Brooklyn"
Beautiful 1BR + Yard (kid-friendly),95,Entire home/apt,7,"Bedford-Stuyvesant, Brooklyn"
Williamsburg 1 bedroom Apartment,125,Entire home/apt,5,"Williamsburg, Brooklyn"
"Great studio, Fort Greene, Brooklyn",135,Entire home/apt,1,"Fort Greene, Brooklyn"
"Landmark Cottage, Brownstone block",200,Entire home/apt,1,"Crown Heights, Brooklyn"
Big Sunny Bdrm fits 4 in E W-burg,70,Private room,2,"Williamsburg, Brooklyn"
Room in beautiful apartment!,75,Private room,1,"Clinton Hill, Brooklyn"
Experience NYC For $26 Per Night!,26,Shared room,5,"Bedford-Stuyvesant, Brooklyn"
"BIG, sunny 1BD in bed-stuy",70,Private room,7,"Bedford-Stuyvesant, Brooklyn"
Modern 1BR-Steps from Franklin Ave,88,Entire home/apt,3,"Crown Heights, Brooklyn"
Carroll Gardens Gem-2BD with Garden,275,Entire home/apt,2,"Carroll Gardens, Brooklyn"
Mayor's Mansion - Carlton_Suite,100,Private room,1,"Fort Greene, Brooklyn"
Experience NYC For $26 Per Night!,26,Shared room,5,"Bedford-Stuyvesant, Brooklyn"
1 BR APT CLOSE TO PARK AND SUBWAY,100,Entire home/apt,2,"Flatbush, Brooklyn"
"Brooklyn Brownstone, Private Room",85,Private room,7,"Prospect Heights, Brooklyn"
Private Room in Williamsburg NYC,85,Private room,1,"Williamsburg, Brooklyn"
Master Bedroom in Hip Williamsburg,65,Private room,5,"Williamsburg, Brooklyn"
Stunning 3200sf 3FLR+3BR w/terrace,250,Entire home/apt,3,"Park Slope, Brooklyn"
Large apartment w/ Parking,89,Entire home/apt,4,"Bushwick, Brooklyn"
Seven Days Sleep Near Prospect Park,100,Entire home/apt,3,"Lefferts Garden, Brooklyn"
Palatial Brownstone w Backyard,275,Entire home/apt,1,"Bedford-Stuyvesant, Brooklyn"
Beautiful 1BR apt in trendy Bklyn,125,Entire home/apt,1,"Park Slope, Brooklyn"
Lovely Bklyn Duplex w/ Courtyard,250,Entire home/apt,5,"Boerum Hill, Brooklyn"
big riverside 1bedrm williamsburg!,120,Entire home/apt,8,"Williamsburg, Brooklyn"
Williamsburg Garden Apartment,150,Entire home/apt,1,"Williamsburg, Brooklyn"
Large Room with Private Bathroom,37,Private room,3,"Clinton Hill, Brooklyn"
Sunny Private Room in Brooklyn,60,Private room,1,"Crown Heights, Brooklyn"
"Cozy room, overlooking garden",65,Private room,2,"Bedford-Stuyvesant, Brooklyn"
"Large Purple Room for 2/3, $1450/mo",95,Private room,2,"Bedford-Stuyvesant, Brooklyn"
Inspiring spacious loft space,110,Private room,1,"Williamsburg, Brooklyn"
Historic House in Williamsburg,99,Private room,7,"Williamsburg, Brooklyn"
It's Always Sunny on Prospect!,74,Private room,2,"Crown Heights, Brooklyn"
Newest Building in Williamsburg #2,102,Private room,1,"Williamsburg, Brooklyn"
Renovated Loft 1 stop to the city,199,Entire home/apt,2,"Williamsburg, Brooklyn"
1BD in Modern Deco Williamsburg,85,Private room,6,"Williamsburg, Brooklyn"
Awesome studio in Bushwick!!!,88,Entire home/apt,2,"Bushwick, Brooklyn"
Option of 2 Beds + Private Bathroom,58,Private room,4,"Bushwick, Brooklyn"
SUNNY ROOM B CHIC SOUTH WILLYBURG!!,100,Private room,5,"Williamsburg, Brooklyn"
"Bedford Loft, Williamsburg Prime",249,Entire home/apt,5,"Williamsburg, Brooklyn"
Fun Comfy & Cozy apt Near Subway,188,Entire home/apt,1,"Williamsburg, Brooklyn"
Zen Eyrie –Airport Pick-Up: JFK/LGA,48,Private room,7,"East New York, Brooklyn"
PEACEFUL BRAND NEW 2 BED IN WSBG,200,Entire home/apt,1,"Williamsburg, Brooklyn"
"Beautiful, Modern 2BR, Park Slope",140,Entire home/apt,1,"Park Slope, Brooklyn"
Only 1 minute-walk to Park & Metro!,59,Private room,3,"Lefferts Garden, Brooklyn"
Global Modern Garden Apt BedStuy,135,Entire home/apt,6,"Bedford-Stuyvesant, Brooklyn"
2 Bedroom Apartment,150,Entire home/apt,1,"Fort Greene, Brooklyn"
Sunny apt next to Prospect Park!,60,Private room,3,"Lefferts Garden, Brooklyn"
"Sun-filled, Quiet, Eclectic apt",73,Private room,1,"Park Slope, Brooklyn"
Huge Loft in Prime Williamsburg!,150,Private room,1,"Williamsburg, Brooklyn"
Williamsburg Spacious Studio,149,Entire home/apt,9,"Williamsburg, Brooklyn"
"Stunning View, Sunny & Spacious",215,Entire home/apt,8,"Williamsburg, Brooklyn"
Sunny Spot in Heart of Williamsburg,230,Entire home/apt,1,"Williamsburg, Brooklyn"
Large & Private 1 BR in BK Heights!,150,Private room,1,"Brooklyn Heights, Brooklyn"
"1bd, GreatLocation & Suprhost bdg!",73,Private room,2,"Greenpoint, Brooklyn"
Park Slope livingroom/bedroom/bath,135,Private room,5,"Park Slope, Brooklyn"
Quintessential Brooklyn...!!,108,Entire home/apt,1,"Boerum Hill, Brooklyn"
Bed & Bath in Park Slope Mansion,115,Private room,1,"Park Slope, Brooklyn"
Bedroom with Garden at the Back,70,Private room,1,"Clinton Hill, Brooklyn"
The Williamsburg Experience.,51,Private room,7,"Williamsburg, Brooklyn"
Private 5 Stars Apt- Winter Sale,159,Entire home/apt,1,"Park Slope, Brooklyn"
"Garden floor thru apt in Bklyn, NY",125,Entire home/apt,1,"Crown Heights, Brooklyn"
Prospect Heights Pied-a-terre,119,Entire home/apt,4,"Crown Heights, Brooklyn"
Brooklyn Oasis - Master Bedroom,89,Private room,1,"Lefferts Garden, Brooklyn"
1) Cozy Private Room exposed Brick!,54,Private room,1,"Bushwick, Brooklyn"
"Cozy, Clean, Quiet, Private Room!!",45,Private room,5,"Flatbush, Brooklyn"
"Sunny & Cozy Room, LGBTQ Friendly",65,Private room,2,"Park Slope, Brooklyn"
Spacious & Cozy Private Room!,55,Private room,6,"Sunset Park, Brooklyn"
Cozy Private Bedroom in Greenpoint,80,Private room,4,"Greenpoint, Brooklyn"
Private Brooklyn Studio,99,Entire home/apt,2,"Fort Greene, Brooklyn"
Bohemian Paradise in Industrial BK,99,Private room,6,"Williamsburg, Brooklyn"
"Sunny Private Room,Williamsburg Pad",60,Private room,2,"Williamsburg, Brooklyn"
Vivid room in trendy Williamsburg,89,Private room,6,"Williamsburg, Brooklyn"
"Williamsburg, Bedford Ave Stop",50,Private room,2,"Williamsburg, Brooklyn"
Cozy Room near Botanical Gardens,60,Private room,O,"Crown Heights, Brooklyn"
Waterbury House East Williamsburg 1,110,Private room,6,"Williamsburg, Brooklyn"
"Luxury One BR Apt Brooklyn, NY",230,Entire home/apt,3,"Fort Greene, Brooklyn"
Quiet classic charmer in the trees,190,Entire home/apt,1,"Park Slope, Brooklyn"
The best Williamsburg has to offer!,320,Entire home/apt,8,"Williamsburg, Brooklyn"
Charming Brooklyn Garden House,275,Entire home/apt,2,"Park Slope, Brooklyn"
Bright Box Factory Loft,50,Private room,5,"Greenpoint, Brooklyn"
Bright Sunny 8x13 Williamsburg Room,77,Private room,5,"Williamsburg, Brooklyn"
Gorgeous Modern Williamsburg Loft,150,Entire home/apt,2,"Williamsburg, Brooklyn"
"Private room and bathroom, Bushwick",100,Private room,1,"Bedford-Stuyvesant, Brooklyn"
Large bedroom steps to subway,49,Private room,1,"Crown Heights, Brooklyn"
bedroom in front  prospect park sw,48,Private room,6,Brooklyn
"Huge, Sunny n Swank Brooklyn loft!",225,Entire home/apt,8,"Bushwick, Brooklyn"
HUGE Loft! Comfy! Light! Plants!,66,Private room,4,"Bushwick, Brooklyn"
VIEWS VIEWS VIEWS from Designer Apt,300,Entire home/apt,3,"Williamsburg, Brooklyn"
Sunny Bushwick Apartment / Morgan L,99,Entire home/apt,7,"Williamsburg, Brooklyn"
"Huge, sunny, central Brooklyn gem",195,Entire home/apt,5,"Greenpoint, Brooklyn"
Location! Location! Location!,145,Entire home/apt,1,"Park Slope, Brooklyn"
Lovely Carroll Gardens Apartment,150,Entire home/apt,3,"Carroll Gardens, Brooklyn"
Private Bedroom,59,Private room,1,"Bushwick, Brooklyn"
Studio in PRIME North Park Slope,135,Entire home/apt,3,"Park Slope, Brooklyn"
Sunny Delight with Free Bikes!,60,Private room,8,"Clinton Hill, Brooklyn"
NICE ROOM #1 ~ AWESOME LOCATION!!,139,Private room,3,"Williamsburg, Brooklyn"
Sunny room in picturesque Brooklyn,60,Private room,2,"Prospect Heights, Brooklyn"
The Real Cool Large Private Deal,195,Entire home/apt,9,"Williamsburg, Brooklyn"
ZEN LOFT 1 - INSTANT BOOK NOW :),80,Private room,1,"Williamsburg, Brooklyn"
Cozy and Quiet Private Bedroom,85,Private room,9,"Williamsburg, Brooklyn"
Designer 1 Bedroom in Williamsburg,155,Entire home/apt,2,"Williamsburg, Brooklyn"
"Budget Luxury, w/ Manhattan Views!",89,Private room,5,"Williamsburg, Brooklyn"
"Huge loft, Greenpoint,Brooklyn, NYC",65,Private room,1,"Greenpoint, Brooklyn"
Lovely sun-lit 3-bedroom apartment,175,Entire home/apt,2,"Bedford-Stuyvesant, Brooklyn"
Large 2 BR apt in quiet brownstone,130,Entire home/apt,4,"Bedford-Stuyvesant, Brooklyn"
"Bright, Beautiful 1.5BD Duplex",195,Entire home/apt,4,"Greenpoint, Brooklyn"
2 BR loft on charming tree-lined St,200,Entire home/apt,9,"Carroll Gardens, Brooklyn"
Bondtastic: Fabulous in Brooklyn.,120,Entire home/apt,1,"Gowanus, Brooklyn"
"Huge Brooklyn Loft w/Deck, NYC View",75,Private room,3,"Bedford-Stuyvesant, Brooklyn"
"Private Room, Big Apt near L train",70,Private room,2,"Bushwick, Brooklyn"
PenthousPrivate room & bath w roof,59,Private room,2,"Bedford-Stuyvesant, New York"
BIG 2 Bed/2 Bath in Prime Brooklyn!,200,Entire home/apt,1,"Cobble Hill, Brooklyn"
Private Bedroom in the loft,60,Private room,1,"Bushwick, Brooklyn"
3 Bed (2 Bath) Williamsburg Duplex!,215,Entire home/apt,1,"Williamsburg, Brooklyn"
"Clean, Spacious PRIVATE ROOM & BATH",95,Private room,5,"Williamsburg, Brooklyn"
Sunny & Spacious Brooklyn Apartment,150,Entire home/apt,O,"Bedford-Stuyvesant, Brooklyn"
"Bright, Large room with Queen Bed",95,Private room,1,"Williamsburg, Brooklyn"
PRIME LOCATION STYLISH COMFORT,250,Entire home/apt,3,"Williamsburg, Brooklyn"
"Cozy, Clean Cobble Hill Brownstone",140,Entire home/apt,6,"Cobble Hill, Brooklyn"
SUNNY BIG ROOM IN STYLISH APT,80,Private room,1,"Bedford-Stuyvesant, New York"
Giant Bedroom - Steps from Subway,94,Private room,5,"Carroll Gardens, Brooklyn"
BayRidge near subway & express bus,40,Private room,4,"Bay Ridge, Brooklyn"
"Modern, Well-Appointed Room in NYC!",65,Private room,7,"Bedford-Stuyvesant, Brooklyn"
Huge and Beautiful Room,75,Private room,5,"Bushwick, Brooklyn"
Beds Bikes Breakfast (on The Park!),55,Private room,3,"Flatbush, Brooklyn"
Whimsy Williamsburg 1BR Apartment,135,Entire home/apt,2,"Williamsburg, Brooklyn"
"Private bathroom, private rooftop!!",89,Private room,3,"Williamsburg, Brooklyn"
Cozy! Fireplace! 2.5 mins 2 Manhatn,165,Entire home/apt,4,"Downtown Brooklyn, Brooklyn"
Spacious Sunny Park Slope Penthouse,200,Entire home/apt,8,"Park Slope, Brooklyn"
Invitation to travelers,85,Private room,5,"Bedford-Stuyvesant, Brooklyn"
Colorful Room in Artsy BedStuy Home,40,Private room,O,"Bedford-Stuyvesant, Brooklyn"
The Brooklyn Life - Garden Suite,125,Entire home/apt,9,"Bedford-Stuyvesant, Brooklyn"
Affordable bedroom by Barclays Cntr,45,Private room,4,"Lefferts Garden, Brooklyn"
In the heart of Williamsburg,125,Entire home/apt,1,"Williamsburg, Brooklyn"
Charming one bedroom in Brownstone,75,Private room,3,"Bedford-Stuyvesant, Brooklyn"
Sweet South Park Slope Apartment.,95,Entire home/apt,4,"Greenwood Heights, Brooklyn"
Private Room in Beautiful Brooklyn,65,Private room,2,"Flatbush, Brooklyn"
Family Owned & Operated Brownstone,60,Private room,4,"Bedford-Stuyvesant, Brooklyn"
Private Room in Trendy Bushwick,77,Private room,7,"Bushwick, Brooklyn"
Huge private room with queen bed,79,Private room,3,"Greenpoint, Brooklyn"
Cozy 2 Bedroom Bushwick Retreat,145,Entire home/apt,1,"Bushwick, Brooklyn"
Brooklyn Heights 1 Bedroom,160,Entire home/apt,2,"Brooklyn Heights, Brooklyn"
Private Room in a two bedroom apt.,85,Private room,2,"Bushwick, Brooklyn"
Top Bunk Cozy Bed near JMZ subways,26,Shared room,1,"Bedford-Stuyvesant, Brooklyn"
2 Bedroom loft in E. Williamsburg,150,Entire home/apt,5,"Bushwick, Brooklyn"
"Great loft, perfect location",140,Entire home/apt,1,"Williamsburg, Brooklyn"
BROOKLYN  STUDIO APARTMENT,100,Private room,1,"Crown Heights, Brooklyn"
Sunny Suite Sleeps Up To Six,150,Entire home/apt,9,"Flatbush, Brooklyn"
"Large, Sunny Room in New Condo",89,Private room,1,"Clinton Hill, Brooklyn"
"Williamsburg Studio, Shared Kitchen",95,Entire home/apt,3,"Williamsburg, Brooklyn"
Spacious loft in Downtown Brooklyn,98,Private room,5,"Downtown Brooklyn, Brooklyn"
Modern Living in Trendy Brooklyn,185,Entire home/apt,3,"Boerum Hill, Brooklyn"
Your OWN Private Garden Apartment,120,Entire home/apt,1,"Clinton Hill, Brooklyn"
Lovely Room in Gorgeous BK Brwnstn!,90,Private room,1,"Bedford-Stuyvesant, Brooklyn"
Nice room next to Prospect Park!,59,Private room,4,"Lefferts Garden, New York"
beautiful brownstone,95,Entire home/apt,3,"Bedford-Stuyvesant, Brooklyn"
Designer Loft Penthouse Brooklyn,195,Entire home/apt,6,"Sunset Park, Brooklyn"
Beautiful studio by Prospect Park,65,Entire home/apt,2,"Windsor Terrace, Brooklyn"
Cheap Budget Private Room #3,49,Private room,2,"Bushwick, Brooklyn"
Base Camp in Bed-Stuy,85,Entire home/apt,1,"Bedford-Stuyvesant, Brooklyn"
Four bedroom brownstone with 2 bath,225,Entire home/apt,1,"Crown Heights, Brooklyn"
Spacious Room in NYC Loft,85,Private room,4,"Williamsburg, Brooklyn"
Nice room Convenient to Manhattan A,64,Private room,2,"Sunset Park, Brooklyn"
BKLYN BROWNSTONE: The Stuyvesant,150,Entire home/apt,1,"Bedford-Stuyvesant, Brooklyn"
Your own studio in Bed- Stuy.,50,Entire home/apt,1,"Bedford-Stuyvesant, Brooklyn"
Settle in to this Private Room,85,Private room,7,"Bedford-Stuyvesant, Brooklyn"
Private Happy Williamsburg Room,100,Private room,8,"Williamsburg, Brooklyn"
Sunny and Spacious Apartment.,100,Private room,8,"Crown Heights, Brooklyn"
"Gorgeous #1, Garden, Best Location",92,Private room,1,"Park Slope, Brooklyn"
Spacious Room/1 Block From Train,59,Private room,9,"Bushwick, Brooklyn"
Classic Brooklyn brownstone,169,Private room,2,"Park Slope, Brooklyn"
Garden Suite in Fort Greene,90,Entire home/apt,8,"Fort Greene, Brooklyn"
1400ft 2BR Loft BedfordWilliamsburg,240,Entire home/apt,1,"Williamsburg, Brooklyn"
Sunny Williamsburg Apt w/ Deck,180,Entire home/apt,2,"Williamsburg, New York"
Brownstone Haven in Clinton Hill,100,Private room,2,"Clinton Hill, Brooklyn"
Comfortable Room available,45,Private room,1,"Bushwick, Brooklyn"
Large sunny room across from park,60,Private room,3,"Bushwick, Brooklyn"
Sunny Private Room in Williamsburg,90,Private room,2,"Williamsburg, Brooklyn"
Spacious private room in loft,100,Private room,2,"Greenpoint, Brooklyn"
Amazing 1Br in Prime Williamsburg,145,Entire home/apt,2,"Williamsburg, Brooklyn"
The Library Loft's White Room,70,Private room,2,"Williamsburg, Brooklyn"
Cozy bedroom in My Loft in New York,79,Private room,6,"Williamsburg, Brooklyn"
"Sweet, Serene Brooklyn Apartment",110,Entire home/apt,8,"Bedford-Stuyvesant, Brooklyn"
Quintessential W'burg Apartment,100,Private room,3,"Williamsburg, Brooklyn"
Private room in New York Loft,85,Private room,1,"Williamsburg, Brooklyn"
"Sunny, Large, Park Slope Bedroom",105,Private room,8,"Park Slope, Brooklyn"
Huge Sunny room just off bedford,69,Private room,4,"Williamsburg, Brooklyn"
"Ample 1BD apt. in hip Bushwick, BK",125,Entire home/apt,1,"Bushwick, Brooklyn"
BUDGET ROOM ~ BEST LOCATION!! #1,89,Private room,8,"Williamsburg, Brooklyn"
Cute and colorful Boerum Hill Apt.,85,Private room,1,"Boerum Hill, Brooklyn"
Central Williamsburg with Garden,95,Private room,2,"Williamsburg, Brooklyn"
"Fab, Cozy Brownstone Apt in BedStuy",95,Entire home/apt,8,"Bedford-Stuyvesant, Brooklyn"
Colorful Garden Studio in Wburg,120,Entire home/apt,2,"Williamsburg, Brooklyn"
Place (Room),99,Private room,6,"Bedford-Stuyvesant, Brooklyn"
Spacious Park Slope brownstone,140,Entire home/apt,9,"Park Slope, Brooklyn"
Beautiful new loft in greenpoint,90,Entire home/apt,1,"Greenpoint, Brooklyn"
Bedford Ave Artist Loft,99,Entire home/apt,3,"Williamsburg, Brooklyn"
Quiet Park Slope Apt Near All,275,Entire home/apt,2,"Park Slope, Brooklyn"
Charming Ft Greene Garden Apartment,135,Entire home/apt,2,"Fort Greene, Brooklyn"
Cozy Room in Heart of Williamsburg,95,Private room,8,"Williamsburg, Brooklyn"
Big sunny rm (#3) in beautiful home,60,Private room,2,"Prospect Heights, Brooklyn"
Sunny 1 Bedroom Apartment/Loft,150,Entire home/apt,1,"Williamsburg, Brooklyn"
Bright Williamsburg room,55,Private room,O,"Williamsburg, Brooklyn"
HIP ROOM 2 PRIME CHIC WILLYBURG!!,100,Private room,2,"Williamsburg, Brooklyn"
Cozy apt in heart of Williamsburg!,175,Entire home/apt,5,"Williamsburg, Brooklyn"
Park Slope/Prospect Hghts 2 bedroom,149,Entire home/apt,6,"Prospect Heights, Brooklyn"
CHEAP BIG room in Williamsburg,50,Private room,3,"Williamsburg, Williamsburg Brooklyn"
Private Williamsburg Flat,99,Entire home/apt,4,"Williamsburg, Brooklyn"
Luxury Flat with Outdoor & Office,250,Entire home/apt,2,"DUMBO, Brooklyn"
Private Room in Artist's Loft,65,Private room,1,"Williamsburg, Brooklyn"
"Secure, clean and warm 2bd bedroom.",45,Private room,9,"Crown Heights, Brooklyn"
"Luxury Modern Bedroom Brooklyn, NYC",44,Private room,1,"Crown Heights, Brooklyn"
Cozy BR in Wiliamsburg 2 Bedroom,75,Private room,7,"Williamsburg, Brooklyn"
Beautiful Fresh Studio for Sublet,140,Entire home/apt,3,"Clinton Hill, Brooklyn"
Downtown Brooklyn Luxury Building,100,Shared room,1,"Fort Greene, Brooklyn"
Quiet Room in Sunny WB Penthouse,95,Private room,1,"Williamsburg, Brooklyn"
Private Room Overlooking Garden,53,Private room,2,"Bushwick, Brooklyn"
Large Room in Williamsburg,50,Private room,1,"Williamsburg, Brooklyn"
Beautiful Brooklyn share apartment,55,Shared room,1,"Bay Ridge, Brooklyn"
"Small Cozy Room, Ideal Location",70,Private room,4,"Fort Greene, Brooklyn"
Gorgeous Brownstone Suite,109,Private room,3,"Prospect Heights, Brooklyn"
Bedford Stuyvesant Townhouse,150,Entire home/apt,1,"Bedford-Stuyvesant, Brooklyn"
Exclusive 2BR Centric Williamsburg,229,Entire home/apt,O,"Williamsburg, Brooklyn"
BedStuy Garden Apt with BackYard,99,Entire home/apt,3,"Bedford-Stuyvesant, Brooklyn"
BIG ROOM 2- 15 MINUTES TO MANHATTAN,75,Private room,2,"Bushwick, Brooklyn"
Private Room in Spacious Apartment,55,Private room,1,"Bedford-Stuyvesant, Brooklyn"
"Beautiful Room, Prime Williamsburg!",68,Private room,5,"Williamsburg, Brooklyn"
"BIG & SUNNY, 1 STOP FROM MANHATTAN",295,Entire home/apt,1,"Fort Greene, Brooklyn"
"Sunny room, peaceful house, bikes!",70,Private room,2,"Bedford-Stuyvesant, Brooklyn"
"Modern, Sunlit Brooklyn Flat",200,Entire home/apt,1,"Bedford-Stuyvesant, Brooklyn"
Gorgeous Williamsburg 1 Bedroom Apt,225,Entire home/apt,1,"Williamsburg, Brooklyn"
"Huge Sunny Private Bedroom, 1st FL",75,Private room,1,Brooklyn
Cute and cozy Boerum Hill studio,100,Entire home/apt,4,"Boerum Hill, Brooklyn"
SPRING BRAKE DORM ROOM !! SO COOL,25,Shared room,O,"Bedford-Stuyvesant, Brooklyn"
New 1BR + 1BA with Private Entrance,89,Private room,2,"Bedford-Stuyvesant, Brooklyn"
Sweet and Neat Cobble Hill 1 BR,199,Entire home/apt,3,"Boerum Hill, Brooklyn"
Sunny Room in Bushwick,125,Private room,1,"Williamsburg, Brooklyn"
Beautiful central bright loft apt.,200,Entire home/apt,3,"Williamsburg, Brooklyn"
Room with En Suite Bathroom & Deck,85,Private room,2,"Clinton Hill, Brooklyn"
Bushwick Duplex 2,85,Private room,1,"Bushwick, Brooklyn"
Bright and spacious 1 bedroom,115,Entire home/apt,5,"Crown Heights, Brooklyn"
Fabulous Urban Retreat 2 bedrooms,175,Entire home/apt,8,"Crown Heights, Brooklyn"
Sleek Entire 2BR Apt - Bedford Ave!,159,Entire home/apt,9,"Williamsburg, Brooklyn"
Loft Living in Bumpin Bushwick,60,Private room,1,"Bushwick, Brooklyn"
"LEGAL PARK SLOPE 4 BR, ROOF TERRACE",500,Entire home/apt,4,"Park Slope, Brooklyn"
"Cozy, Convenient Williamsburg Apt",169,Entire home/apt,9,"Williamsburg, Brooklyn"
Bedroom in Designer Brooklyn Loft,85,Private room,7,"Bushwick, Brooklyn"
Tiny little private nook!,35,Private room,2,"Crown Heights, Brooklyn"
BUDGET RM+ 1/2BATH-15 MIN MANHATTAN,64,Private room,9,"Bushwick, Brooklyn"
Ebony & Ivory Close to Manhattan,99,Entire home/apt,1,"Bedford-Stuyvesant, Brooklyn"
"Huge factory loft, prime location",225,Entire home/apt,3,"Williamsburg, Brooklyn"
Heart of Wberg Private Room 1B,80,Private room,2,"Williamsburg, Brooklyn"
Large Sunny Private W'burg Room,70,Private room,1,"Williamsburg, Brooklyn"
ZEN LOFT 3 - INSTANT BOOK NOW :),80,Private room,8,"Williamsburg, Brooklyn"
Trendy Bushwick neighborhood,70,Private room,7,"Bushwick, Brooklyn"
Luxury Loft Private Room B (3C),100,Private room,1,"Williamsburg, Brooklyn"
Sunny Room w Private Bath in Duplex,70,Private room,1,"Bedford-Stuyvesant, Brooklyn"
Lofty Condo w/ Outdoor Space,125,Private room,6,"Prospect Heights, Brooklyn"
Large furnished bedroom with desk,75,Private room,2,"Lefferts Garden, Brooklyn"
Romantic Brooklyn Garden Apt,175,Entire home/apt,2,"Fort Greene, Brooklyn"
Private Room in WBerg Flat 4B,90,Private room,3,"Williamsburg, Brooklyn"
Fantastic Views and Great Location,45,Shared room,1,"Greenwood Heights, Brooklyn"
Spacious & Lovely 1BR in Greenpoint,155,Entire home/apt,4,"Greenpoint, Brooklyn"
Sunny Elegant and Big Room!,80,Private room,4,"Bedford-Stuyvesant, Brooklyn"
***Huge Room in Bright Open Loft***,130,Private room,3,"Williamsburg, Brooklyn"
"Modern, Carroll Garden Townhouse",300,Entire home/apt,6,"Carroll Gardens, Brooklyn"
Large 1BR right by Prospect Park,95,Entire home/apt,3,"Windsor Terrace, Brooklyn"
Cozy room in a 2-bedroom apt,40,Private room,O,"Crown Heights, Brooklyn"
Williamsburg Private Room For Rent,70,Private room,2,"Williamsburg, Brooklyn"
Bargain Private Room #1,79,Private room,2,"Bushwick, Brooklyn"
lovely brooklyn oasis,150,Entire home/apt,3,"Bedford-Stuyvesant, Brooklyn"
Sunny Space in Williamsburg,100,Private room,9,"Williamsburg, Brooklyn"
Great value in cool Greenpoint.,119,Entire home/apt,6,"Greenpoint, Brooklyn"
Beautiful Bright Williamsburg Apt.,170,Entire home/apt,1,"Williamsburg, Brooklyn"
Nice Bedroom in Williamsburg Loft,95,Private room,9,"Williamsburg, Brooklyn"
Private Bedroom in Williamsburg,98,Private room,2,"Williamsburg, Brooklyn"
Relaxing Room in Hip Neighborhood,79,Private room,9,"Williamsburg, Brooklyn"
"Living the dream in Bushwick, 1BR",99,Entire home/apt,6,"Bushwick, Brooklyn"
"In the real heart of Wburg, Bedford",200,Entire home/apt,1,"Williamsburg, Brooklyn"
Bright Quiet 1BD in the Heart of BK,150,Entire home/apt,6,"Boerum Hill, Brooklyn"
Comfy room in heart of Williamsburg,85,Private room,1,"Williamsburg, Brooklyn"
Sunny Gem steps from Prospect Park,140,Entire home/apt,1,"Prospect Heights, Brooklyn"
"Nice room, comfy bed, friendly host",45,Private room,1,"Windsor Terrace, Brooklyn"
Great room in hip Williamsburg,75,Private room,7,"Williamsburg, Brooklyn"
Warm Apt 1 stop away from Manhattan,85,Private room,1,"Williamsburg, Brooklyn"
BIG/Bright Williamsburg at the L,68,Private room,6,"Williamsburg, Brooklyn"
Heart of Wberg Private Room 1A,80,Private room,3,"Williamsburg, Brooklyn"
Bright Brooklyn garden apartment!,110,Entire home/apt,3,"Bedford-Stuyvesant, Brooklyn"
Charming room in Victorian home,79,Private room,5,"Bedford-Stuyvesant, Brooklyn"
Park Slope Private Room and Bath,65,Private room,2,"Park Slope, Brooklyn"
"Private room, williamsburg NYC!!!!!",59,Private room,1,"Williamsburg, Brooklyn"
Charming Boutique Room in Bushwick,65,Private room,2,"Bushwick, Brooklyn"
Entire Apartment (~700 sq feet),130,Entire home/apt,8,"Williamsburg, Brooklyn"
Great location! Fort Greene!!!,250,Entire home/apt,1,"Fort Greene, Brooklyn"
Large Bedroom with kitchenette,120,Private room,2,"Prospect Heights, Brooklyn"
"Private Garden Apt: 2 Bed, 2 Bath",220,Entire home/apt,1,"Greenpoint, Brooklyn"
Beautiful Space in Brooklyn Heights,250,Entire home/apt,7,"Brooklyn Heights, Brooklyn"
"Spacious, Private, Convenient 1 BR!",95,Private room,6,"Brooklyn Heights, Brooklyn"
Charming Williamsburg apartment!,130,Entire home/apt,6,"Williamsburg, Brooklyn"
Room next to the Brooklyn Museum,75,Private room,5,"Crown Heights, Brooklyn"
Williamsburg Church Loft Space,150,Private room,8,"Williamsburg, Brooklyn"
Up to 3 BR in spacious Brooklyn apt,75,Private room,O,"Crown Heights, Brooklyn"
Private Bedroom in Wooden House,90,Private room,1,"Williamsburg, Brooklyn"
"Queen bed in Bushwick, Brooklyn",80,Private room,9,"Bushwick, Brooklyn"
Clean Bedroom with free breakfast!,65,Private room,1,"Bedford-Stuyvesant, Brooklyn"
"East River Queen, & outdoor deck!",175,Entire home/apt,5,"Williamsburg, New York"
"Sunny, Modern & Cozy Brooklyn Home",95,Entire home/apt,3,"Bedford-Stuyvesant, Brooklyn"
Private Room B in Lux Loft (3B),100,Private room,1,"Williamsburg, Brooklyn"
2bdrm Luxury Apt Fort Greene Bklyn,175,Entire home/apt,1,"Fort Greene, Brooklyn"
Private one BR Apt with garden veiw,145,Entire home/apt,5,"Crown Heights, Brooklyn"
Chez Louise sunny BK garden apt.,110,Entire home/apt,3,"Bedford-Stuyvesant, Brooklyn"
Beautiful Spot on Manhattan Ave.,59,Private room,1,"Greenpoint, Brooklyn"
Sunny 1BR in S Williamsburg off JMZ,130,Entire home/apt,1,"Williamsburg, Brooklyn"
Historic Fort Greene & Clinton Hill,129,Entire home/apt,2,"Clinton Hill, Brooklyn"
Cozy 2 Bedroom 20 Min from City,145,Entire home/apt,6,"Bedford-Stuyvesant, Brooklyn"
Spacious Studio 3 - Fort Greene,60,Private room,4,"Boerum Hill, Brooklyn"
Treehouse Nook in Bushwick Home,80,Private room,1,"Bushwick, Brooklyn"
Great Williamsburg Apt with Balcony,69,Private room,1,"Williamsburg, Brooklyn"
Lofted room available Bushwick,45,Private room,O,"Bushwick, Brooklyn"
Charming Studio in Carroll Gardens,100,Entire home/apt,5,"Carroll Gardens, Brooklyn"
Stylish Arty Brooklyn Appartment #4,175,Entire home/apt,1,"Boerum Hill, Brooklyn"
Option of 2 Full Beds + Roof Deck,58,Private room,8,"Bushwick, Brooklyn"
Cozy Room on Prospect Park!,45,Private room,6,"Flatbush, Brooklyn"
Studio in Brownstone - Brooklyn 3F,119,Entire home/apt,5,"Clinton Hill, Brooklyn"
SUNNY ROOM A PRIME CHIC WILLYBURG!!,100,Private room,2,"Williamsburg, Brooklyn"
PRIVATE suite in Brooklyn's Heart,100,Private room,1,"Boerum Hill, New York"
Private Room in New York!,50,Private room,4,"Sunset Park, Brooklyn"
Greenpoint Waterfront Loft,185,Entire home/apt,1,"Greenpoint, Brooklyn"
Cozy Room With private 1/2 bath,70,Private room,1,"Park Slope, Brooklyn"
Two bedrooms in Williamsburg,200,Entire home/apt,1,"Williamsburg, Brooklyn"
Nice room + Private Rooftop Terrace,55,Private room,2,"Williamsburg, Brooklyn"
Williamsburg/Greenpoint Parkside,245,Entire home/apt,1,"Greenpoint, Brooklyn"
Charming Oasis Mins Away From City,225,Entire home/apt,3,"Gowanus, Brooklyn"
"Quaint, beautiful studio Brooklyn",130,Entire home/apt,3,"Boerum Hill, Brooklyn"
Spacious 1 Bdrm in Prospect Heights,110,Entire home/apt,1,"Crown Heights, Brooklyn"
Prime Location in Bed-Stuy,110,Entire home/apt,6,"Bedford-Stuyvesant, Brooklyn"
The Lincoln,235,Entire home/apt,1,"Crown Heights, Brooklyn"
Stunning  Limestone  1 Bdrm Flat,120,Entire home/apt,2,"Crown Heights, Brooklyn"
HUGE SUNNY ROOM 1 PRIME WILLYBURG!!,108,Private room,2,"Williamsburg, Brooklyn"
LOCATION! & garden window (*for 1*),50,Private room,3,"Prospect Heights, Brooklyn"
"Comfy, convenient bedroom in Bklyn!",80,Private room,8,"Lefferts Garden, Brooklyn"
New & Private Luxury Bedroom nr All,49,Private room,4,"Bushwick, Brooklyn"
"Wiliamsburg 3BDR ,Private Deck",320,Entire home/apt,3,"Williamsburg, Brooklyn"
"Private, Cozy Bedroom/ Barclay Ctr",49,Private room,2,"Lefferts Garden, Brooklyn"
NICE ROOM #2 ~ AWESOME LOCATION!!,129,Private room,3,"Williamsburg, Brooklyn"
Landmark Brooklyn Garden Apartment,150,Entire home/apt,1,"Fort Greene, Brooklyn"
Cozy room in nyc!,49,Private room,1,"Crown Heights, Brooklyn"
Bargain Private Room #2,79,Private room,2,"Bushwick, Brooklyn"
Cute + Clean GREENPOINT room,68,Private room,3,"Greenpoint, Brooklyn"
Modern apartment w/ gorgeous view,125,Private room,1,"Williamsburg, Brooklyn"
COMFY ROOM #2 ~ AMAZING LOCATION!,79,Private room,6,"Williamsburg, Brooklyn"
Fort Greene Brooklyn Studio Apt,140,Entire home/apt,2,"Fort Greene, Brooklyn"
Sunny Williamsburg Penthouse - 2BR,159,Entire home/apt,4,"Williamsburg, Brooklyn"
Spacious and Light Brooklyn Loft,220,Entire home/apt,9,"Williamsburg, Brooklyn"
Sunny Victorian Brownstone Apt.,150,Entire home/apt,1,"Park Slope, Brooklyn"
Private rm in cozy WILLIAMSBURG apt,109,Private room,2,"Williamsburg, Brooklyn"
Cheap Budget Private Room #1,55,Private room,1,"Bushwick, Brooklyn"
Industrial-Chic Brooklyn Flat,125,Entire home/apt,2,"Bedford-Stuyvesant, Brooklyn"
Incredible 1 Bedroom Loft Apartment,185,Entire home/apt,5,"Williamsburg, Brooklyn"
"Private Garden Oasis Apt, one BR",125,Entire home/apt,7,"Crown Heights, Brooklyn"
"Charming Williamsburg, Close to all",190,Entire home/apt,2,"Williamsburg, Brooklyn"
Cozy Brownstone Room,43,Private room,1,"Crown Heights, Brooklyn"
Roof-Top Room in Williamsburg,132,Entire home/apt,2,"Williamsburg, Brooklyn"
Charming Brooklyn Studio,110,Entire home/apt,6,"Crown Heights, New York"
COMFORT AND CONVENIENCE IN THE CITY,85,Private room,2,"Bedford-Stuyvesant, Brooklyn"
"Modern, renovated garden apartment",190,Entire home/apt,O,"Park Slope, Brooklyn"
"IT""S A BEAUTIFUL DAY IN BROOKLYN! 2",70,Private room,3,"Bedford-Stuyvesant, Brooklyn"
The Williamsburg Special,61,Private room,3,"Williamsburg, Brooklyn"
Cozy rooms with private bath,85,Private room,1,"Kensington, Brooklyn"
Gorgeous Private 1 Bedroom,105,Private room,1,"Clinton Hill, Brooklyn"
BK CHARM~Clean Modern~XPrss Train!!,49,Private room,8,"Flatbush, Brooklyn"
Tranquil Single Bedroom in BKLYN!,48,Private room,4,"Flatbush, Brooklyn"
Vegetarian Artists Zen Happy Co-Op,75,Private room,O,"Williamsburg, Brooklyn"
Steps to Subway! Super Convienient!,40,Private room,1,"Flatbush, Brooklyn"
"Quiet, exposed brick, huge windows",80,Private room,4,"Flatbush, Brooklyn"
Cozy Private Room on a Lovely Block,60,Private room,1,"Crown Heights, Brooklyn"
Spacious Private room by Subway :-),75,Private room,2,"Crown Heights, Brooklyn"
"Cozy, Quiet Room",70,Private room,5,"Williamsburg, Brooklyn"
Carroll Gardens Carriage House,110,Private room,2,"Gowanus, Brooklyn"
The best townhouse in Williamsburg,295,Entire home/apt,5,"Williamsburg, Brooklyn"
Experience NYC For $26 Per Night!,26,Shared room,6,"Bedford-Stuyvesant, Brooklyn"
Modern Sunny Queer Friendly Loft,50,Private room,3,"Williamsburg, Brooklyn"
Williamsburg Penthouse Hideaway,65,Private room,4,"Williamsburg, Brooklyn"
Room with Private Bathroom.,89,Private room,1,"Bedford-Stuyvesant, Brooklyn"
"Warm, Spacious 1-BR in Ft. Greene",125,Entire home/apt,1,"Clinton Hill, Brooklyn"
"Cozy, Cute and Convenient Nook!",65,Private room,4,"Boerum Hill, Brooklyn"
Chic & Cozy Brooklyn Flat,72,Private room,1,"Bedford-Stuyvesant, Brooklyn"
Cheap Budget Private Room #4,49,Private room,2,"Bushwick, Brooklyn"
A charming private room,65,Private room,7,"Bedford-Stuyvesant, Brooklyn"
Rare Historic Gem in Williamsburg,89,Private room,7,"Williamsburg, Brooklyn"
Gorgeous private NYC 2 BD duplex,137,Entire home/apt,1,"Bedford-Stuyvesant, Brooklyn"
Williamsburg Bed Steps to Bedford L,50,Private room,1,"Williamsburg, Brooklyn"
"Quiet, bright, best BKLN location!",150,Entire home/apt,2,"Boerum Hill, Brooklyn"
Amazing Boerum Hill Apartment!,170,Entire home/apt,4,"Boerum Hill, Brooklyn"
Lovely Private 1BD | Heart of NY!,135,Entire home/apt,1,"Williamsburg, Brooklyn"
Sunny Williamsburg Avail March 6th!,350,Entire home/apt,1,"Williamsburg, Brooklyn"
Beautiful Grdn. Apt. in Park Slope,135,Entire home/apt,5,"Park Slope, Brooklyn"
Modern & Cozy Heart of Park Slope,125,Entire home/apt,5,"Park Slope, Brooklyn"
"QUIET, QUAINT & BEAUTIFUL LOFT",110,Private room,2,"Williamsburg, Brooklyn"
Sunny private room featured in film,94,Private room,9,"Flatbush, Brooklyn"
Spacious Back Room in Brownstone,115,Private room,9,"Park Slope, Brooklyn"
Lovely 1 BR in Historic Brownstone,110,Entire home/apt,2,"Bedford-Stuyvesant, Brooklyn"
"Private, Luxury Secluded Bedroom",62,Private room,5,"Bushwick, Brooklyn"
Beautiful New Brooklyn Apartment,55,Private room,8,"Bushwick, Brooklyn"
Gorgeous Getaway-Special Discount,100,Entire home/apt,4,"Bedford-Stuyvesant, Brooklyn"
Lovely Studio Loft,70,Entire home/apt,2,"Gowanus, Brooklyn"
Williamsburg/Greenpoint Bedroom,93,Private room,1,"Williamsburg, Brooklyn"
Sweet Lil Williamsburg One Bedroom,126,Entire home/apt,5,"Williamsburg, Brooklyn"
Sunny Studio in Brooklyn,80,Entire home/apt,2,"Crown Heights, Brooklyn"
Charm & Beauty close to Manhattan,99,Entire home/apt,3,"Bedford-Stuyvesant, Brooklyn"
Mid-Century Modern in Brownstone!,135,Private room,1,"Park Slope, Brooklyn"
Charming Room in Hip Williamsburg,60,Private room,9,"Williamsburg, Brooklyn"
PRIVATE ROOM STEPS FROM L TRAIN,55,Private room,1,"Williamsburg, Brooklyn"
"Your Haven Awaits At ""Emma's Place""",135,Entire home/apt,2,"Bedford-Stuyvesant, Brooklyn"
Huge BR in W'Burg - pvt terrace,109,Private room,4,"Williamsburg, Brooklyn"
Cozy Room in Sunny Apartment,60,Private room,3,"Clinton Hill, Brooklyn"
Private Room in Classic Loft,75,Private room,8,"Greenpoint, Brooklyn"
COZY and WARM Garden Apartment,150,Entire home/apt,4,"Fort Greene, Brooklyn"
"Room & Breakfast, Steps to L Train",65,Private room,1,"Bushwick, Brooklyn"
"Fort Greene, Brooklyn 1 Bedroom Apt",168,Entire home/apt,2,"Fort Greene, Brooklyn"
Lovely 1 bdrm in Prospect Heights!,120,Entire home/apt,8,"Prospect Heights, Brooklyn"
"Heart of Williamsburg, Quiet Room",80,Private room,3,"Williamsburg, Brooklyn"
Private 1 Bdrm Suite in Brownstone,175,Private room,2,"Brooklyn Heights, Brooklyn"
lrg bedrm historic home 1blk PRATT,118,Private room,1,"Clinton Hill, Brooklyn"
Cozy BK home with HUGE private yard,180,Entire home/apt,9,"Williamsburg, Brooklyn"
charming sunny studio near park,150,Entire home/apt,4,"Fort Greene, Brooklyn"
Sunny Loft In Prime Williamsburg!,249,Entire home/apt,2,"Williamsburg, Brooklyn"
Modern Minimalist Williamsburg Loft,189,Entire home/apt,1,"Greenpoint, Brooklyn"
Huge Room with Private Entrance!,55,Private room,4,"Bushwick, Brooklyn"
BUDGET ROOM ~ BEST LOCATION!! #2,89,Private room,8,"Williamsburg, Brooklyn"
Sunny Room - Park Slope,65,Private room,4,"Gowanus, Brooklyn"
HUGE room/Williamsburg Waterfront!,125,Private room,1,"Williamsburg, Brooklyn"
"Gorgeous Room, PRIME Williamsburg",90,Private room,3,"Williamsburg, Brooklyn"
Beautiful Bushwick - 3BR Apartment,174,Entire home/apt,2,"Bushwick, Brooklyn"
Industrial loft-The Greenpoint exp.,145,Private room,2,"Greenpoint, Brooklyn"
Prime Williamsburg 1 bd apartment,200,Entire home/apt,4,"Greenpoint, Brooklyn"
Most breathtaking view of Manhattan,500,Entire home/apt,6,"Greenpoint, Brooklyn"
Spacious Lovely Retreat Park Slope,140,Entire home/apt,6,"Park Slope, Brooklyn"
BROOKLYN - RAILROAD 2-1 Room,25,Shared room,1,"Bedford-Stuyvesant, Brooklyn"
Charming Studio in Clinton Hill,125,Entire home/apt,1,"Clinton Hill, Brooklyn"
Charming Townhouse 2BD/2BTH w Patio,195,Entire home/apt,7,"Clinton Hill, Brooklyn"
Cozy Room In Brooklyn!!!,75,Private room,1,"Lefferts Garden, Brooklyn"
Brownstone Park Slope Haven!,110,Entire home/apt,2,"Park Slope, Brooklyn"
Large Room in Modern Sunny Loft,70,Private room,1,"Williamsburg, Brooklyn"
Sunny 3rd Floor BR w/Private Bath,89,Private room,1,"Kensington, Brooklyn"
Cozy Rm in Loft! Steps to L Train!,60,Private room,2,"Williamsburg, Brooklyn"
"Spacious, Spotless 1Bd- BK Heights!",150,Entire home/apt,9,"Brooklyn Heights, Brooklyn"
Brooklyn Home Base,150,Entire home/apt,1,"Bedford-Stuyvesant, Brooklyn"
"Sunny Private Room,Williamsburg Apt",59,Private room,O,"Williamsburg, Brooklyn"
Huge room in cool Williamsburg,80,Private room,6,"Williamsburg, Brooklyn"
"Williamsburg room, private entrance",90,Private room,3,"Williamsburg, Brooklyn"
Comfy & Quiet stay in Greenpoint!,64,Private room,1,"Greenpoint, Brooklyn"
1 Blk to Subway + Prospect Park D,50,Private room,2,"Flatbush, Brooklyn"
Garden Apartment in Townhouse,145,Entire home/apt,1,"Clinton Hill, Brooklyn"
Affordable Furnished Apartment,100,Entire home/apt,7,"Boerum Hill, Brooklyn"
Sun-filled gem in Carroll Gardens1,108,Private room,8,"Cobble Hill, Brooklyn"
COSY BEDROOM IN HUGE LOFT.,69,Private room,4,"Fort Greene, Brooklyn"
Ideal Brooklyn Brownstone Apartment,165,Entire home/apt,6,"Bedford-Stuyvesant, Brooklyn"
Large Sunny Rm-6th Fl View/Elevator,75,Private room,3,"Kensington, Brooklyn"
3 bedroom loft in Williamsburg,400,Entire home/apt,8,"Williamsburg, Brooklyn"
NEW 2 BR Loft-PRIME Williamsburg!,300,Entire home/apt,6,"Williamsburg, Brooklyn"
"BEAUTIFUL APARTMENT, GREAT LOCATION",260,Entire home/apt,6,"Boerum Hill, Brooklyn"
Great room in Ditmas park!,55,Private room,7,"Flatbush, Brooklyn"
HIP ROOM A- 15 MINUTES TO MANHATTAN,70,Private room,2,"Bushwick, Brooklyn"
prvt room in lrg 2BR near barclays,85,Private room,4,"Park Slope, Brooklyn"
NICE ROOM #3 ~ AWESOME LOCATION!!,109,Private room,1,"Williamsburg, Brooklyn"
The Notorious B.N.B. { Erhart },239,Private room,4,"Clinton Hill, Brooklyn"
Comforts in Bushwick Brooklyn,70,Private room,4,"Bushwick, Brooklyn"
Cozy Clinton Hill studio,140,Entire home/apt,4,"Clinton Hill, Brooklyn"
Gorgeous house Room 2 BEST location,92,Private room,8,"Park Slope, Brooklyn"
Stunning Apt in Prime Williamsburg,195,Entire home/apt,1,"Williamsburg, Brooklyn"
Bedford Stuyvesant Urban Hang Suite,150,Entire home/apt,5,"Bedford-Stuyvesant, Brooklyn"
"LARGE PRIVATE FLOOR IN BROOKLYN, NY",90,Entire home/apt,8,"Bedford-Stuyvesant, Brooklyn"
Spacious w/ Private Rooftop!,60,Private room,1,"Williamsburg, Brooklyn"
Vacation in Park Slope Bedroom #1,125,Private room,1,"Park Slope, Brooklyn"
"LARGE, QUIET ROOM, AMAZING LOCATION",43,Private room,O,"Greenpoint, Brooklyn"
Urban Cottage in Williamsburg BK,175,Entire home/apt,3,"Williamsburg, Brooklyn"
Modern Loft Apt in Williamsburg,249,Entire home/apt,3,"Williamsburg, Brooklyn"
Bargain Room #4 - Special Low Price,49,Private room,1,"Bushwick, Brooklyn"
B&B + Brisk Access to All BK & MHTN,48,Private room,9,"Crown Heights, Brooklyn"
Comfy room in beautiful apartment,65,Private room,1,"Bushwick, Brooklyn"
Large 2BR in great BK neighborhood,300,Entire home/apt,1,"Boerum Hill, Brooklyn"
"4 BR, 4 BA townhouse in South Slope",420,Entire home/apt,1,"Park Slope, Brooklyn"
A charming shared room,30,Shared room,1,"Bedford-Stuyvesant, Brooklyn"
Park Slope Studio Apartment,145,Entire home/apt,4,"Park Slope, Brooklyn"
bklyn private bedroom bathroom lux,80,Private room,1,"Bushwick, Brooklyn"
Williamsburg 2b apartment with deck,195,Entire home/apt,1,"Williamsburg, Brooklyn"
Great Brooklyn Design 2brs & 2 bths,279,Entire home/apt,3,"Greenpoint, Brooklyn"
"Private Rm w/Terrace, pvt.Entrance",95,Private room,O,"Greenpoint, Brooklyn (Greenpoint)"
Big 1BR in Williamsburg 700sft,190,Entire home/apt,2,"Williamsburg, Brooklyn"
NYC getaway in Park Slope Brooklyn!,65,Private room,3,"Park Slope, Brooklyn"
Cute Bright Loft Bedroom,100,Private room,1,"Williamsburg, Brooklyn"
"Sunny, cozy private room, Bushwick.",45,Private room,2,"Bushwick, Brooklyn"
Charming Apt. In Brooklyn Townhouse,79,Entire home/apt,7,"Bedford-Stuyvesant, Brooklyn"
"Sunny, quiet 1bdr w/ all amenities",150,Entire home/apt,3,"Greenpoint, Brooklyn"
Mayor's Mansion - Carlton Suite,120,Private room,5,"Fort Greene, Brooklyn"
Spacious Room in a Brooklyn House,80,Private room,1,"Lefferts Garden, Brooklyn"
Beautiful Large 1BR in Cobble Hill,150,Entire home/apt,2,"Cobble Hill, Brooklyn"
Garden Apartment in Park Slope,150,Entire home/apt,3,"Park Slope, Brooklyn"
Renovated Apt. w/ Private Patio/BBQ,100,Entire home/apt,7,"Crown Heights, Brooklyn"
Mid-Century Modern Garden Paradise,139,Entire home/apt,2,"Bushwick, Brooklyn"
3BR Duplex + Backyard (Sleeps 6),235,Entire home/apt,2,"Bedford-Stuyvesant, Brooklyn"
Luxury Loft Private Room A (3C),100,Private room,2,"Williamsburg, Brooklyn"
Private Room in WBerg Flat 4D,90,Private room,2,"Williamsburg, Brooklyn"
Large Bedroom with Washer/dryer,76,Private room,3,"Flatbush, Brooklyn"
Crown Heights Room By Prospect Park,54,Private room,5,"Crown Heights, Brooklyn"
Fort Greene Retreat on the Park,85,Private room,6,"Fort Greene, Brooklyn"
All Nations Home-Queen Size Bed,50,Private room,1,"Bay Ridge, Brooklyn"
Cute lil room in a charming bk apt,85,Private room,1,"Williamsburg, Brooklyn"
Huge loft in heart of Williamsburg!,275,Entire home/apt,1,"Williamsburg, Brooklyn"
Peaceful Sanctuary in Trendy Hood,99,Entire home/apt,1,"Crown Heights, Brooklyn"
Cozy Williamsburg Apartment,90,Private room,2,"Williamsburg, Brooklyn"
Pretty Williamsburg 2 Bed w/Yard,210,Entire home/apt,1,"Williamsburg, Brooklyn"
COMFORTABLE PRIVATE ROOM FOR YOU,100,Private room,9,"Carroll Gardens, Brooklyn"
Private Williamsburg Duplex Loft,195,Entire home/apt,4,"Williamsburg, Brooklyn"
Location! 1b apt 10min to Manhattan,149,Entire home/apt,6,"Fort Greene, Brooklyn"
Heart of Williamsburg,69,Private room,4,"Williamsburg, Brooklyn"
Clinton Hill Charmer,80,Private room,5,"Clinton Hill, Brooklyn"
Private Suite in Historic House,130,Private room,3,"Fort Greene, Brooklyn"
Spacious Studio with Parking,59,Entire home/apt,7,"Bushwick, Brooklyn"
Garden Bedroom in Williamsburg,60,Private room,8,"Williamsburg, Brooklyn"
Huge Duplex in South Slope,290,Entire home/apt,7,"Greenwood Heights, Brooklyn"
Cozy Room In Vibrant Neighborhood!!,49,Private room,5,"Bushwick, Brooklyn"
Master Bedroom- Historic Brownstone,70,Private room,3,"Bedford-Stuyvesant, Brooklyn"
Spacious Comfy Bedroom in Bed-Stuy,60,Private room,1,"Bedford-Stuyvesant, Brooklyn"
The Hancock a Beautiful Brownstone,170,Entire home/apt,2,"Bedford-Stuyvesant, Brooklyn"
* Spacious Park Slope Duplex! *,195,Entire home/apt,5,"Gowanus, Brooklyn"
Modern Cozy Brownstone Apartment,100,Private room,4,"Williamsburg, Brooklyn"
Amazing apt with amazing view,145,Entire home/apt,3,"Williamsburg, Brooklyn"
Renovated Loft in the Heart of NYC,79,Private room,1,"Williamsburg, brooklyn"
Studio. w/ Skyline View -near PRATT,90,Entire home/apt,4,"Clinton Hill, Brooklyn"
"Bright, BedStuy Gem!",75,Entire home/apt,1,"Bedford-Stuyvesant, Brooklyn"
The Notorious B.N.B { Swoon },279,Private room,3,"Clinton Hill, Brooklyn"
KOZY ROOM IN FORT GREENE BROOKLYN..,66,Private room,9,"Fort Greene, Brooklyn"
"Cozy, friendly, 3 min from subway!",35,Shared room,2,"Bedford-Stuyvesant, Brooklyn"
"Beautiful 3BR 2BA Condo, sleeps 6",220,Entire home/apt,3,"Bushwick, Brooklyn"
Park Slope Spacious 1 bedroom,129,Entire home/apt,8,"Park Slope, Brooklyn"
Sunny room in W'burg Penthouse,65,Private room,5,"Williamsburg, Brooklyn"
"Lovely Luxe Bedroom, Easy Commute",59,Private room,9,"Bedford-Stuyvesant, Brooklyn"
THE PRESIDENT'S SUITE,90,Private room,8,"Williamsburg, Brooklyn"
Private room with separate entrance,70,Private room,6,"Greenpoint, Brooklyn"
"Stay in Bushwick, Brooklyn!",54,Private room,1,"Bushwick, Brooklyn"
Perfect New York Studio Apartment,140,Entire home/apt,2,"Prospect Heights, Brooklyn"
Comfortable in Brooklyn,115,Private room,8,"Bedford-Stuyvesant, Brooklyn"
Artsy apt in heart of Williamsburg,90,Entire home/apt,3,"Williamsburg, Brooklyn"
Lofty 71 m² Apt + Private Garden,180,Entire home/apt,3,"Gowanus, Brooklyn"
Private 1 bd in Sunny Red Hook Loft,95,Private room,4,"Red Hook, Brooklyn"
Clinton Hill Perfect Room,70,Private room,1,"Clinton Hill, Brooklyn"
Penthouse in the sky,149,Entire home/apt,5,"Greenpoint, Brooklyn"
Spacious Suite in Hip Bushwick!,70,Entire home/apt,2,"Bushwick, Brooklyn"
Luxury Fort Greene Brooklyn Apt,179,Entire home/apt,3,"Fort Greene, Brooklyn"
"The heart of Williamsburg, Brooklyn",125,Private room,5,"Williamsburg, Brooklyn"
Gorgeous Sanctuary in Brooklyn,60,Private room,2,"Flatbush, Brooklyn"
Studio Space-Share Kitch/Bath,75,Private room,1,"Sunset Park, Brooklyn"
Modern Sunny 1 Bed Steps to Train,100,Entire home/apt,3,"Fort Greene, Brooklyn"
Adorable studio in Park Slope!,135,Entire home/apt,1,"Park Slope, Brooklyn"
Charming Historic Brooklyn Apt,150,Entire home/apt,1,"Brooklyn Heights, Brooklyn"
Cozy one bedroom on Bedford Ave,99,Entire home/apt,1,"Williamsburg, Brooklyn"
Sunny 2nd floor 2BR Apartment!,99,Entire home/apt,1,"Dyker Heights, Brooklyn"
"Cozy, spacious & convenient 1 BR :)",75,Private room,2,"Bushwick, Brooklyn"
CommunityBeGood Helps Haiti Rm #2,130,Private room,3,"Park Slope, Brooklyn"
Holiday Time in NY - Oh My!!,90,Private room,5,"Crown Heights, Brooklyn"
2RMSuite Seconds from the L train!,81,Private room,6,"Bushwick, Brooklyn"
Cozy & Clean in Williamsburg,179,Entire home/apt,4,"Williamsburg, Brooklyn"
BIG ROOM 1- 15 MINUTES TO MANHATTAN,75,Private room,1,"Bushwick, Brooklyn"
"Quiet, sunny Williamsburg apartment",100,Entire home/apt,1,"Williamsburg, Brooklyn"
Airy and Bright Loft -Williamsburg,199,Entire home/apt,2,"Williamsburg, Brooklyn"
"Park view, private bath+kitchenette",75,Private room,7,"Lefferts Garden, Brooklyn"
"Cozy Private Bedroom, Brooklyn NYC",44,Private room,8,"Crown Heights, Brooklyn"
Spacious Bedroom Room/Living Space,70,Private room,2,"Crown Heights, Brooklyn"
Spacious & Comfy Bushwick Walk-Up,58,Private room,1,"Bushwick, Brooklyn"
Large and sunny bedroom in Brooklyn,65,Private room,3,"Crown Heights, Brooklyn"
"Comfy, Cozy, Close to  Manhattan",159,Entire home/apt,1,"Bedford-Stuyvesant, Brooklyn"
Sunny private room in artists loft,83,Private room,2,"Bedford-Stuyvesant, Brooklyn"
Clean & Cozy Room in E.Williamsburg,105,Private room,1,"Williamsburg, Brooklyn"
"Charming 1 Bdr Apartment, New York",160,Entire home/apt,7,"Williamsburg, Brooklyn"
Big Cute Room w/Pvt Entry in Duplex,85,Private room,7,"Bedford-Stuyvesant, Brooklyn"
"Big Sunny Guest Room, W'burg Bridge",74,Private room,1,"Williamsburg, Brooklyn"
"Tasteful, calm, central 2BR/2Baths",245,Entire home/apt,6,"Williamsburg, Brooklyn"
Clean & Convenient in Brooklyn,50,Private room,1,"Clinton Hill, Brooklyn"
Charming and Cozy 1 Bedroom,145,Entire home/apt,8,"Carroll Gardens, Brooklyn"
Amazing studio in Stuyvesant height,99,Entire home/apt,1,"Bedford-Stuyvesant, Brooklyn"
Private Room Overlooks Garden!,55,Private room,1,"Greenpoint, Brooklyn"
BEAUTIFUL  2BR  20MINS FROM CITY!,84,Entire home/apt,1,"Bushwick, Brooklyn"
Spacious room in pretty apt w deck,55,Private room,3,"Kensington, Brooklyn"
Private room in artsy apt,70,Private room,2,"Bedford-Stuyvesant, Brooklyn"
Nice & clean room in Bushwick,45,Private room,5,"Bushwick, Brooklyn"
Heights of Luxury Brooklyn NY,100,Private room,1,"Crown Heights, Brooklyn"
Cute room super close to the park!,55,Private room,1,"Crown Heights, Brooklyn"
Best Location Williamsburg Brooklyn,135,Entire home/apt,2,"Williamsburg, Brooklyn"
"HUGE, SUNNY ROOM, BLOCK 4RM TRAIN!",90,Private room,3,"Williamsburg, Brooklyn"
"Lovely Home--Clinton Hill, Brooklyn",150,Entire home/apt,8,"Clinton Hill, Brooklyn"
"Large Room, Williamsburg",54,Private room,9,"Williamsburg, Brooklyn"
Mayor's Mansion - Fort Greene,250,Entire home/apt,1,"Fort Greene, Brooklyn"
PEABODY'S GARDEN APARTMENT,150,Entire home/apt,1,"Bedford-Stuyvesant, Brooklyn"
"Modern, Luxury BR w/2 Beds, Nr All",62,Private room,O,"Crown Heights, Brooklyn"
Guestroom w/ 2 beds 20 mins to NYC,55,Private room,9,"Bushwick, Brooklyn"
Sun filled Brooklyn Brownstone,80,Private room,5,"Carroll Gardens, Brooklyn"
BEAUTIFUL STUDIO IN BOERUM HILL #8,175,Entire home/apt,2,"Boerum Hill, Brooklyn"
Modern/Rustic Studio Apt.,195,Entire home/apt,1,"Williamsburg, Brooklyn"
Beautiful Room 1,60,Private room,8,"Bedford-Stuyvesant, Brooklyn"
Brooklyn SUITE + Private Full Bath!,69,Private room,4,"Flatbush, Brooklyn"
A Brooklyn Home Away From Home,55,Private room,5,"Bedford-Stuyvesant, Brooklyn"
"Location, Location, Location!",115,Private room,8,"Williamsburg, Brooklyn"
Light+Open+Airy+Rustic+Modern Loft,150,Entire home/apt,1,"Williamsburg, Brooklyn"
Garden Apartment in Park Slope,120,Entire home/apt,1,"Park Slope, Brooklyn"
The Greenwood Grand - Stay Boutique,135,Entire home/apt,3,"Greenwood Heights, Brooklyn"
Cozy Apt in the Heart of Park Slope,150,Entire home/apt,1,"Park Slope, Brooklyn"
Sunny/Cozy 1BD,89,Entire home/apt,2,"Crown Heights, Brooklyn"
Trendiest building in Brooklyn!,80,Private room,2,"Bushwick, Brooklyn"
Carroll Gardens Guest Apartment,275,Entire home/apt,3,"Carroll Gardens, Brooklyn"
Good sleep in Crown Heights,45,Private room,1,"Crown Heights, Brooklyn"
Quiet and Stylish in Brooklyn,150,Entire home/apt,2,"Greenpoint, Brooklyn"
"Luxury, Quiet Bedroom, near Subway",56,Private room,2,"Bushwick, Brooklyn"
Spacious Bedstuy Room,39,Private room,4,"Bedford-Stuyvesant, Brooklyn"
Entire 2br Hardwood Apt in Wburg,139,Entire home/apt,1,"Williamsburg, Brooklyn"
Urban Jungle in Bedford Stuyvesant,110,Entire home/apt,5,"Bushwick, Brooklyn"
Huge serene room in a perfect area!,99,Private room,1,"Brooklyn Heights, Brooklyn"
Park Slope Spacious 3 Bedroom Home,275,Entire home/apt,3,"Park Slope, Brooklyn"
Private room! Heart of Williamsburg,115,Private room,2,"Williamsburg, Brooklyn"
Brooklyn Prospect Park Cozy Single,90,Private room,9,"Prospect Heights, Brooklyn"
"Clean, Sunny Apt on Prospect Park",100,Entire home/apt,3,"Lefferts Garden, Brooklyn"
Close to Airport and Manhattan!,59,Private room,2,"Bedford-Stuyvesant, Brooklyn"
Williamsburg Brooklyn NY Large Room,110,Private room,O,"Williamsburg, Brooklyn"
"Big sunny room, prime location!",89,Private room,1,"Williamsburg, Brooklyn"
Warm Home Up in the Sky,96,Private room,5,"Williamsburg, Brooklyn"
Apartment in Heart of Greenpoint,65,Private room,7,"Greenpoint, Brooklyn"
Beds Bikes Breakfast (on the Park2),45,Private room,2,"Flatbush, Brooklyn"
1 Room Available in 3 bedroom apt,50,Private room,2,"Bushwick, Brooklyn"
Prime Carroll Gardens 1BR Apartment,185,Entire home/apt,2,"Gowanus, Brooklyn"
Brand New Brooklyn studio,150,Entire home/apt,3,"Crown Heights, Brooklyn"
"Beautiful, Lux apt in Williamsburg",190,Entire home/apt,2,"Greenpoint, Brooklyn"
Brooklyn Charm and Comfort,199,Entire home/apt,1,"Bedford-Stuyvesant, Brooklyn"
Best location in Brooklyn!,110,Private room,2,"Park Slope, Brooklyn"
"Room in modern, Brooklyn apartment.",65,Private room,4,"Bedford-Stuyvesant, Brooklyn"
"Brooklyn Loft, 180 degree views",90,Private room,1,"Williamsburg, Brooklyn"
Large sunny furnished bedroom,75,Private room,4,"Lefferts Garden, Brooklyn"
"Bushwick Biodome Loft , Great View!",75,Private room,1,"Williamsburg, Brooklyn"
Cozy room in warehouse style apt,59,Private room,3,"Williamsburg, Brooklyn"
NYC Brklyn Cozy Rustic Artist Home,46,Private room,1,"Bushwick, Brooklyn"
Sunny Beautiful Sublet All Yours!!!,145,Entire home/apt,1,"Park Slope, Brooklyn"
Small Bedroom in a large brownstone,90,Private room,2,"Prospect Heights, Brooklyn"
Prospect Guestroom in Brooklyn,54,Private room,5,"Flatbush, Brooklyn"
Rising Star Of Brooklyn,110,Entire home/apt,1,"Bedford-Stuyvesant, Brooklyn"
"Lovely, Spacious Room in Brownstone",50,Private room,O,"Crown Heights, Brooklyn"
Cozy Corners in Crown Heights!,50,Private room,1,"Crown Heights, Brooklyn"
Brooklyn Budget Williamsburg NYC 2,50,Private room,7,"Williamsburg, Brooklyn"
Quiet Sunny Park Slope,160,Entire home/apt,1,"Park Slope, Brooklyn"
Private 1 bedroom apartment,79,Entire home/apt,1,"Bedford-Stuyvesant, Brooklyn"
Loft Studio with Private Deck,200,Entire home/apt,1,"Williamsburg, Brooklyn"
"Cool, Comfy Bedroom nr Subway",54,Private room,2,"Bedford-Stuyvesant, Brooklyn"
Beautiful modern Brooklyn apt,180,Entire home/apt,1,"Boerum Hill, Brooklyn"
Large Sunny 1BR - Entire 2nd Floor,134,Entire home/apt,7,"Greenpoint, Brooklyn"
Top Floor 2bd Luxury Brownstone Apt,215,Entire home/apt,7,"Fort Greene, Brooklyn"
Greenpoint/Williamsburg Studio Apt,130,Entire home/apt,1,"Williamsburg, Brooklyn"
LOVELY SPOT IN PRIME WILLIAMSBURG!,100,Entire home/apt,1,"Williamsburg, Brooklyn"
A special home in Brooklyn,250,Entire home/apt,O,"Clinton Hill, Brooklyn"
Comfy Queen Size Bed in Brooklyn,45,Private room,2,"East New York, Brooklyn"
Spacious 4-BD/2BA Townhouse in PLG,295,Entire home/apt,3,"Crown Heights, Brooklyn"
Modern bright 1 BR in Williamsburg,229,Entire home/apt,6,"Williamsburg, Brooklyn"
Bright cozy private room,50,Private room,1,"Midwood, Brooklyn"
Bright 1 bedroom prime Williamsburg,150,Entire home/apt,1,"Williamsburg, Brooklyn"
Cozy Suite w/ Private Bathroom,75,Private room,7,"Clinton Hill, Brooklyn"
Beautiful & Bright on Bedford Ave!,85,Private room,2,"Williamsburg, Brooklyn"
BROOKLYN BROWNSTONE TOP TIER,99,Entire home/apt,4,"Bedford-Stuyvesant, Brooklyn"
Cozy apartment with Wi-Fi $$,115,Entire home/apt,2,"Bay Ridge, Brooklyn"
Guest Bedroom - 3 Blocks to L Train,89,Private room,1,"Williamsburg, Brooklyn"
Beds Bikes Breakfast on The Park,45,Private room,1,"Flatbush, Brooklyn"
Private Brooklyn Garden Apartment,135,Entire home/apt,1,"Bedford-Stuyvesant, Brooklyn"
Large room in great neighborhood,88,Private room,7,"Williamsburg, Brooklyn"
Private Skylight Room in BK Duplex,100,Private room,9,"Williamsburg, Brooklyn"
Williamsburg 1BR. 5 min to Union sq,200,Entire home/apt,7,"Williamsburg, Brooklyn"
Brooklyn Bedroom 8 Min From City,43,Private room,9,"Williamsburg, Brooklyn"
"Full bed in Bushwick, Brooklyn",65,Private room,1,"Bedford-Stuyvesant, Brooklyn"
"Cozy 1 bdrm Park Slope, Brooklyn,",100,Entire home/apt,7,"Park Slope, Brooklyn"
Stylish Room-Artist/Designers' Flat,98,Private room,1,"Bedford-Stuyvesant, Brooklyn"
Beautiful 2 Bedroom Apartment,185,Entire home/apt,3,"Bedford-Stuyvesant, Brooklyn"
"Sunny, Quiet and Convenient Room",90,Private room,6,"Williamsburg, Brooklyn"
Peaceful Room in Heart of Ft Greene,90,Private room,4,"Fort Greene, Brooklyn"
"Great apartment in Williamsburg, NY",90,Entire home/apt,1,"Williamsburg, Brooklyn"
Summer Green Quiet Room Park Slope,135,Private room,8,"Park Slope, Brooklyn"
Well come to Well Stead I,150,Entire home/apt,3,"Bedford-Stuyvesant, Brooklyn"
Lovely Guestroom in Brownstone,70,Private room,9,"Crown Heights, Brooklyn"
Spacious & bright room in brooklyn!,70,Private room,9,"Lefferts Garden, Brooklyn"
Queer Friendly Sofa Bed!,35,Shared room,3,"Sunset Park, Brooklyn"
Master bedroom w/ private ensuite,90,Private room,5,"Greenpoint, Brooklyn"
Modern Williamsburg Apt near Metro,99,Private room,2,"Williamsburg, Brooklyn"
2 Bedroom Apartment in Brooklyn,150,Entire home/apt,2,"Windsor Terrace, Brooklyn"
Spacious 2BR / 2BA in Bushwick,150,Entire home/apt,7,"Bushwick, Brooklyn"
New Listing!  Price reduced.  :),40,Private room,3,"Williamsburg, Brooklyn"
Boldera: Your Home Away From Home,149,Entire home/apt,4,"Bedford-Stuyvesant, Brooklyn"
"Cozy, Bright Bushwick Room off L&M",74,Private room,8,"Bushwick, Brooklyn"
Penthouse designer loft with a view,160,Private room,3,"Williamsburg, Brooklyn"
Red Brick Bungalow in NYC,108,Private room,1,"Carroll Gardens, Brooklyn"
4 Bed Charming Large Apt nr Subway,290,Entire home/apt,O,"Bushwick, Brooklyn"
Private Room with own Bathroom,118,Private room,4,"Carroll Gardens, Brooklyn"
Comfortable Room Historic Mansion,90,Private room,3,"Bedford-Stuyvesant, Brooklyn"
BUDGET ROOM ~ BEST LOCATION!! #3,89,Private room,7,"Williamsburg, Brooklyn"
Great Views Park Slope Barclay's,140,Entire home/apt,2,"Park Slope, Brooklyn"
Radiant Cobble Hill - 1 bedroom,118,Entire home/apt,1,"Boerum Hill, Brooklyn"
Urban oasis! 2 bedrooms w/ 3 patios,165,Entire home/apt,1,"Williamsburg, Brooklyn"
URBAN CHIC - Brooklyn 2 BR Suite,210,Entire home/apt,5,"Bedford-Stuyvesant, Brooklyn"
Beautiful 1 br in Williamsburg,150,Entire home/apt,1,"Williamsburg, Brooklyn"
Cozy little room in NYC!,39,Private room,1,"Crown Heights, Brooklyn"
A Great Room with a Bicycle,67,Private room,1,"Bushwick, Brooklyn"
"Lrg Apt in trendy Prospect Hts, Bk",135,Entire home/apt,5,"Park Slope, Brooklyn"
Affordable Wburg Loft Apartment,80,Private room,4,"Williamsburg, Brooklyn"
Northside Williamsburg Brooklyn,110,Private room,1,"Williamsburg, Brooklyn"
The Real Bedford Experience - 1 bd,180,Entire home/apt,3,"Williamsburg, Brooklyn"
Small Room,70,Private room,2,"Park Slope, Brooklyn"
Stylish Flat with Stunning Rooftop,259,Entire home/apt,1,"Williamsburg, Brooklyn"
Quiet apartment in lovely area,100,Entire home/apt,4,"Boerum Hill, Brooklyn"
"Lovely, cozy loft Carroll Gardens",129,Entire home/apt,8,"Gowanus, Brooklyn"
Huge Apt w/Yard near Williamsburg,195,Entire home/apt,4,"Greenpoint, Brooklyn"
"Fantastic, Affordable Rooftop Spot",64,Private room,6,"Bushwick, Brooklyn"
"Big, Bright, Beautiful Brooklyn Apt",300,Entire home/apt,4,"Williamsburg, Brooklyn"
Chic private apartment in townhouse,159,Entire home/apt,1,"Clinton Hill, Brooklyn"
Private 1-bedroom with sofa bed,130,Entire home/apt,6,"Bedford-Stuyvesant, Brooklyn"
"Dreamy room, eclectic Bushwick apt",35,Private room,1,"Bushwick, Brooklyn"
Spacious 2 BD in Quiet NBRHD,150,Entire home/apt,1,"Bedford-Stuyvesant, Brooklyn"
Warm modern Park Slope townhouse,325,Entire home/apt,4,"Park Slope, Brooklyn"
East Williamsburg Artist Loft,50,Private room,2,"Williamsburg, Brooklyn"
Cozy Top Floor Room of Brownstone,75,Private room,5,"Park Slope, Brooklyn"
Private bedroom in awesome loft apt,75,Private room,1,"Williamsburg, Brooklyn"
PRIME 1br in Williamsburg,135,Entire home/apt,5,"Williamsburg, Brooklyn"
CHARMING SANCTUARY/sleeps3/BARGAIN!,129,Entire home/apt,3,"Fort Greene, Brooklyn"
Private Room 3- Amazing Wberg Flat,75,Private room,2,"Williamsburg, Brooklyn"
Sunny & Spacious in Park Slope,200,Entire home/apt,1,"Park Slope, Brooklyn"
Cool area! Five minutes to metro!,80,Private room,8,"Williamsburg, Brooklyn"
Charming Private Bedroom—50% OFF,110,Private room,3,"Park Slope, Brooklyn"
Room in beautiful friendly house,55,Private room,1,"Bushwick, Brooklyn"
It's all about Bushwick BROOKLYN,100,Entire home/apt,7,"Bushwick, Brooklyn"
Vibrant Artist's Guest Studio Apt.,130,Entire home/apt,2,"Greenpoint, Brooklyn"
